"Fecha","Último","Apertura","Máximo","Mínimo","Vol.","% var."
"31.03.2025","34,752","35,010","35,340","34,450","0,00K","-0,66%"
"28.03.2025","34,983","35,515","35,640","34,820","0,18K","-0,29%"
"27.03.2025","35,083","34,210","35,405","34,125","79,60K","2,52%"
"26.03.2025","34,222","34,255","34,500","34,065","44,01K","0,10%"
"25.03.2025","34,187","33,530","34,365","33,430","46,64K","2,20%"
"24.03.2025","33,450","33,540","33,805","33,380","32,35K","-0,11%"
"21.03.2025","33,486","34,115","34,135","33,165","53,51K","-1,49%"
"20.03.2025","33,991","34,425","34,595","33,615","50,53K","-0,63%"
"19.03.2025","34,205","34,640","34,790","34,110","50,63K","-1,76%"
"18.03.2025","34,818","34,380","35,000","34,325","57,45K","1,49%"
"17.03.2025","34,308","34,410","34,455","33,955","45,45K","-0,36%"
"14.03.2025","34,433","34,505","34,860","34,140","60,18K","0,37%"
"13.03.2025","34,306","33,725","34,680","33,435","74,49K","1,67%"
"12.03.2025","33,743","33,375","33,815","33,180","57,66K","1,80%"
"11.03.2025","33,147","32,460","33,445","32,215","57,93K","1,90%"
"10.03.2025","32,530","32,945","33,150","32,280","51,81K","-0,85%"
"07.03.2025","32,809","33,210","33,310","32,560","59,37K","-1,59%"
"06.03.2025","33,338","33,235","33,380","32,860","51,41K","0,62%"
"05.03.2025","33,134","32,560","33,310","32,395","65,24K","2,33%"
"04.03.2025","32,381","32,265","32,660","32,030","50,89K","0,22%"
"03.03.2025","32,310","31,715","32,490","31,635","62,26K","2,58%"
"28.02.2025","31,496","31,855","31,930","31,365","54,60K","-1,91%"
"27.02.2025","32,110","32,535","32,595","31,765","63,24K","-0,95%"
"26.02.2025","32,419","32,270","32,435","31,945","1,93K","1,39%"
"25.02.2025","31,976","32,890","32,935","31,770","1,08K","-2,40%"
"24.02.2025","32,763","33,045","33,270","32,600","0,76K","-0,75%"
"21.02.2025","33,012","33,450","33,540","32,810","63,37K","-1,42%"
"20.02.2025","33,486","33,150","33,785","33,085","56,84K","1,34%"
"19.02.2025","33,043","33,420","33,640","32,885","53,73K","-0,99%"
"18.02.2025","33,373","32,680","33,475","32,460","70,60K","1,58%"
"14.02.2025","32,855","32,990","34,240","32,585","107,87K","0,39%"
"13.02.2025","32,726","32,710","33,045","32,455","56,02K","-0,18%"
"12.02.2025","32,785","32,255","32,870","31,875","65,37K","1,43%"
"11.02.2025","32,322","32,495","32,660","31,650","67,81K","-0,52%"
"10.02.2025","32,491","32,180","32,805","32,030","56,88K","0,15%"
"07.02.2025","32,443","32,650","33,165","32,175","79,69K","-0,56%"
"06.02.2025","32,626","32,755","32,915","32,150","53,86K","-1,06%"
"05.02.2025","32,976","32,870","33,215","32,630","67,88K","-0,14%"
"04.02.2025","33,022","32,540","33,195","32,225","61,87K","1,52%"
"03.02.2025","32,526","32,460","32,745","31,610","76,65K","0,81%"
"31.01.2025","32,265","32,765","32,920","32,115","65,34K","-0,70%"
"30.01.2025","32,493","31,580","32,815","31,560","68,27K","3,93%"
"29.01.2025","31,264","30,780","31,600","30,640","0,26K","1,66%"
"28.01.2025","30,755","30,440","30,805","30,255","0,26K","1,56%"
"27.01.2025","30,283","30,615","30,790","29,970","0,30K","-2,49%"
"24.01.2025","31,055","30,950","31,535","30,950","0,31K","1,12%"
"23.01.2025","30,712","31,180","31,180","30,375","0,28K","-2,25%"
"22.01.2025","31,420","31,555","31,710","31,115","41,70K","-0,24%"
"21.01.2025","31,496","31,085","31,575","30,770","69,97K","1,14%"
"17.01.2025","31,141","31,605","31,640","30,910","49,19K","-1,84%"
"16.01.2025","31,725","31,600","31,985","31,535","48,24K","0,62%"
"15.01.2025","31,531","30,545","31,650","30,370","51,15K","3,89%"
"14.01.2025","30,351","30,305","30,580","30,115","41,98K","0,14%"
"13.01.2025","30,309","31,305","31,465","30,205","61,01K","-3,21%"
"10.01.2025","31,314","31,045","31,840","30,700","65,41K","0,96%"
"09.01.2025","31,015","30,730","31,270","30,650","39,72K","1,06%"
"08.01.2025","30,690","30,655","31,045","30,455","44,22K","0,01%"
"07.01.2025","30,686","30,485","31,025","30,410","48,06K","0,34%"
"06.01.2025","30,583","30,095","30,960","29,875","61,09K","1,72%"
"03.01.2025","30,065","29,985","30,380","29,935","32,80K","0,55%"
"02.01.2025","29,900","29,310","30,040","29,270","43,11K","2,25%"
"31.12.2024","29,242","29,380","29,480","29,200","27,41K","-0,58%"
"30.12.2024","29,412","29,980","30,100","29,275","36,71K","-1,36%"
"27.12.2024","29,819","30,220","30,290","29,745","0,47K","-1,37%"
"26.12.2024","30,234","30,190","30,325","30,030","0,38K","0,27%"
"24.12.2024","30,152","30,200","30,230","29,995","0,11K","0,31%"
"23.12.2024","30,060","30,040","30,225","29,900","0,33K","0,75%"
"20.12.2024","29,837","29,330","30,070","29,165","0,25K","1,90%"
"19.12.2024","29,282","29,665","29,915","29,045","0,39K","-4,34%"
"18.12.2024","30,610","30,730","30,770","29,750","0,18K","-0,60%"
"17.12.2024","30,796","30,910","30,970","30,505","0,13K","-0,42%"
"16.12.2024","30,927","30,880","31,100","30,850","0,12K","0,11%"
"13.12.2024","30,892","31,325","31,385","30,700","0,12K","-1,87%"
"12.12.2024","31,482","32,880","32,970","31,395","0,35K","-4,09%"
"11.12.2024","32,823","32,540","32,960","32,300","0,27K","0,65%"
"10.12.2024","32,612","32,460","32,620","32,180","0,16K","0,40%"
"09.12.2024","32,481","31,460","32,810","31,290","0,09K","3,24%"
"06.12.2024","31,462","31,595","31,710","31,205","0,12K","0,18%"
"05.12.2024","31,406","31,815","31,815","31,380","0,03K","-1,20%"
"04.12.2024","31,786","31,360","31,925","31,030","0,13K","1,35%"
"03.12.2024","31,363","30,925","31,405","30,925","0,06K","2,02%"
"02.12.2024","30,742","30,785","30,900","30,425","0,06K","-0,79%"
"29.11.2024","30,987","30,595","31,190","30,595","0,03K","1,75%"
"27.11.2024","30,455","30,930","31,185","30,435","58,51K","-0,37%"
"26.11.2024","30,567","30,510","30,875","30,225","1,31K","0,56%"
"25.11.2024","30,396","31,700","31,700","30,295","1,46K","-3,49%"
"22.11.2024","31,495","31,000","31,615","30,980","0,47K","1,27%"
"21.11.2024","31,099","31,110","31,510","30,900","0,49K","-0,19%"
"20.11.2024","31,159","31,465","31,530","31,020","0,71K","-0,82%"
"19.11.2024","31,417","31,415","31,700","31,315","0,36K","0,12%"
"18.11.2024","31,379","30,530","31,505","30,530","0,60K","2,59%"
"15.11.2024","30,586","30,600","31,020","30,420","0,37K","-0,45%"
"14.11.2024","30,724","30,540","30,880","29,910","0,55K","-0,30%"
"13.11.2024","30,817","31,160","31,370","30,565","0,93K","-0,32%"
"12.11.2024","30,915","30,935","31,055","30,430","0,36K","0,48%"
"11.11.2024","30,768","31,575","31,750","30,690","0,97K","-2,65%"
"08.11.2024","31,607","32,310","32,315","31,500","0,33K","-1,27%"
"07.11.2024","32,013","31,440","32,390","31,200","0,56K","1,68%"
"06.11.2024","31,485","32,935","32,935","31,125","0,96K","-4,40%"
"05.11.2024","32,934","32,735","33,205","32,620","0,37K","0,52%"
"04.11.2024","32,765","32,720","33,155","32,600","0,21K","-0,22%"
"01.11.2024","32,837","32,950","33,380","32,650","0,58K","-0,35%"
"31.10.2024","32,953","34,010","34,050","32,835","0,36K","-3,74%"
"30.10.2024","34,234","34,740","34,780","33,790","0,73K","-0,60%"
"29.10.2024","34,441","33,845","34,725","33,765","75,73K","1,29%"
"28.10.2024","34,001","33,830","34,170","33,390","62,51K","0,66%"
"25.10.2024","33,779","33,850","34,195","33,260","69,50K","-0,05%"
"24.10.2024","33,795","33,875","34,480","33,420","79,66K","-0,13%"
"23.10.2024","33,839","35,055","35,070","33,610","100,74K","-3,43%"
"22.10.2024","35,041","34,010","35,070","33,970","86,07K","2,83%"
"21.10.2024","34,078","33,900","34,485","33,660","104,74K","2,54%"
"18.10.2024","33,234","31,875","33,970","31,855","104,14K","4,59%"
"17.10.2024","31,774","31,905","32,220","31,485","62,55K","-0,63%"
"16.10.2024","31,974","31,685","32,385","31,600","50,22K","0,69%"
"15.10.2024","31,756","31,400","31,890","30,950","53,23K","1,41%"
"14.10.2024","31,316","31,730","31,750","30,940","44,89K","-1,38%"
"11.10.2024","31,755","31,375","31,845","31,260","44,08K","1,65%"
"10.10.2024","31,240","30,710","31,400","30,570","55,40K","1,86%"
"09.10.2024","30,670","30,860","31,005","30,435","52,15K","0,23%"
"08.10.2024","30,600","31,945","32,020","30,345","96,75K","-4,39%"
"07.10.2024","32,004","32,450","32,595","31,655","55,63K","-1,20%"
"04.10.2024","32,394","32,290","33,225","31,755","86,41K","-0,22%"
"03.10.2024","32,464","32,100","32,485","31,650","56,40K","1,70%"
"02.10.2024","31,920","31,705","32,590","31,260","71,06K","0,56%"
"01.10.2024","31,742","31,420","32,145","31,380","61,99K","0,90%"
"30.09.2024","31,458","31,945","32,150","31,155","58,25K","-1,13%"
"27.09.2024","31,816","32,310","32,590","31,635","75,15K","-1,18%"
"26.09.2024","32,195","32,040","32,855","31,910","0,21K","1,02%"
"25.09.2024","31,870","32,330","32,330","31,815","0,18K","-1,27%"
"24.09.2024","32,280","30,900","32,370","30,900","0,48K","4,33%"
"23.09.2024","30,940","30,915","31,045","30,840","0,12K","-1,34%"
"20.09.2024","31,360","30,980","31,615","30,980","0,11K","0,25%"
"19.09.2024","31,281","30,355","31,380","30,135","0,04K","2,42%"
"18.09.2024","30,542","30,670","31,250","30,005","0,08K","-0,95%"
"17.09.2024","30,834","30,955","31,160","30,805","0,02K","-0,50%"
"16.09.2024","30,990","31,100","31,120","30,950","0,01K","0,20%"
"13.09.2024","30,929","30,140","31,130","30,070","0,20K","3,21%"
"12.09.2024","29,967","29,040","30,095","28,955","0,04K","4,08%"
"11.09.2024","28,793","28,880","29,035","28,300","0,02K","1,08%"
"10.09.2024","28,484","28,500","28,675","28,260","0,01K","-0,13%"
"09.09.2024","28,521","27,960","28,570","27,960","0,04K","1,69%"
"06.09.2024","28,048","28,945","28,985","28,030","0,03K","-3,15%"
"05.09.2024","28,960","28,470","29,205","28,470","0,04K","1,90%"
"04.09.2024","28,421","28,050","28,465","28,050","0,01K","0,76%"
"03.09.2024","28,208","28,650","28,705","27,995","0,03K","-2,39%"
"02.09.2024","28,898","29,247","29,350","28,705","","-1,20%"
"01.09.2024","29,250","29,188","29,260","29,185","","0,85%"
"30.08.2024","29,003","29,550","29,580","29,075","0,02K","-2,76%"
"29.08.2024","29,827","29,560","30,085","29,540","70,38K","1,66%"
"28.08.2024","29,340","30,140","30,205","29,225","1,33K","-2,61%"
"27.08.2024","30,125","30,055","30,235","29,840","0,59K","-0,10%"
"26.08.2024","30,155","30,030","30,335","29,840","0,74K","0,64%"
"23.08.2024","29,963","29,120","30,035","29,120","0,46K","2,67%"
"22.08.2024","29,185","29,730","29,765","28,950","0,45K","-1,65%"
"21.08.2024","29,676","29,525","29,890","29,380","0,19K","0,06%"
"20.08.2024","29,659","29,610","30,155","29,590","0,20K","0,74%"
"19.08.2024","29,440","29,220","29,640","28,950","0,19K","1,57%"
"16.08.2024","28,984","28,320","29,165","28,305","0,17K","1,53%"
"15.08.2024","28,548","27,810","28,700","27,810","0,38K","3,93%"
"14.08.2024","27,469","28,055","28,240","27,470","0,06K","-1,60%"
"13.08.2024","27,916","28,000","28,040","27,785","0,07K","-0,77%"
"12.08.2024","28,134","27,630","28,220","27,555","0,25K","1,51%"
"09.08.2024","27,715","27,720","27,850","27,580","0,09K","-0,06%"
"08.08.2024","27,733","27,025","27,770","27,025","0,08K","2,45%"
"07.08.2024","27,069","27,150","27,345","26,810","0,04K","-0,99%"
"06.08.2024","27,341","27,550","27,720","26,900","0,08K","0,01%"
"05.08.2024","27,338","28,720","28,790","26,725","0,35K","-4,16%"
"02.08.2024","28,524","29,285","29,285","28,285","0,16K","-0,29%"
"01.08.2024","28,607","29,070","29,380","28,480","0,11K","-1,60%"
"31.07.2024","29,073","28,965","29,610","28,850","0,00K","1,35%"
"30.07.2024","28,685","28,435","28,980","28,195","5,03K","2,94%"
"29.07.2024","27,866","28,060","28,335","27,450","63,82K","-0,55%"
"26.07.2024","28,020","27,990","28,220","27,750","61,46K","0,16%"
"25.07.2024","27,975","29,075","29,080","27,555","117,21K","-4,57%"
"24.07.2024","29,316","29,420","29,630","29,065","54,91K","-0,05%"
"23.07.2024","29,331","29,315","29,480","28,825","54,42K","0,03%"
"22.07.2024","29,321","29,425","29,615","28,930","61,31K","0,08%"
"19.07.2024","29,299","30,020","30,030","29,060","78,42K","-3,06%"
"18.07.2024","30,224","30,505","30,800","29,940","71,73K","-0,50%"
"17.07.2024","30,377","31,495","31,655","30,255","97,92K","-3,44%"
"16.07.2024","31,458","30,930","31,635","30,720","69,79K","1,69%"
"15.07.2024","30,936","31,100","31,325","30,760","58,80K","-0,73%"
"12.07.2024","31,162","31,725","31,725","30,620","72,45K","-1,61%"
"11.07.2024","31,671","31,070","32,015","31,070","79,92K","2,12%"
"10.07.2024","31,014","31,085","31,445","30,915","50,63K","-0,14%"
"09.07.2024","31,056","31,020","31,435","30,785","54,92K","0,46%"
"08.07.2024","30,913","31,475","31,670","30,710","67,27K","-2,45%"
"05.07.2024","31,689","30,820","31,790","30,450","100,15K","3,39%"
"04.07.2024","30,650","30,815","30,875","30,495","","-0,62%"
"03.07.2024","30,842","29,815","30,975","29,770","75,32K","3,99%"
"02.07.2024","29,658","29,765","30,125","29,490","52,27K","0,15%"
"01.07.2024","29,613","29,445","29,790","29,250","45,99K","0,18%"
"28.06.2024","29,560","29,285","29,955","29,070","51,91K","1,04%"
"27.06.2024","29,256","29,080","29,575","28,990","63,25K","0,57%"
"26.06.2024","29,091","29,145","29,230","28,755","1,29K","0,22%"
"25.06.2024","29,028","29,735","29,835","29,025","0,77K","-2,21%"
"24.06.2024","29,685","29,750","29,910","29,570","0,44K","-0,31%"
"21.06.2024","29,776","31,000","31,025","29,660","0,87K","-3,89%"
"20.06.2024","30,981","29,740","30,960","29,610","0,59K","3,89%"
"19.06.2024","29,820","29,602","29,860","29,410","","0,35%"
"18.06.2024","29,717","29,720","29,890","29,185","0,16K","0,58%"
"17.06.2024","29,545","29,710","29,765","29,290","0,21K","-0,28%"
"14.06.2024","29,627","29,175","29,785","29,155","0,23K","1,41%"
"13.06.2024","29,216","29,860","29,860","28,900","0,26K","-3,96%"
"12.06.2024","30,422","29,630","30,420","29,600","0,34K","3,53%"
"11.06.2024","29,386","29,515","29,700","29,330","0,16K","-2,14%"
"10.06.2024","30,030","29,455","30,010","29,415","0,30K","1,47%"
"07.06.2024","29,595","31,585","31,780","29,405","0,52K","-6,14%"
"06.06.2024","31,532","30,615","31,515","30,445","0,21K","4,31%"
"05.06.2024","30,229","29,960","30,315","29,750","0,13K","1,54%"
"04.06.2024","29,772","31,070","31,070","29,700","0,10K","-3,78%"
"03.06.2024","30,942","30,765","31,095","30,195","0,10K","1,13%"
"31.05.2024","30,595","31,470","31,840","30,565","0,07K","-3,42%"
"30.05.2024","31,680","32,500","32,605","31,525","7,41K","-2,14%"
"29.05.2024","32,373","32,310","32,515","31,780","87,06K","0,73%"
"28.05.2024","32,137","30,565","32,450","30,555","142,58K","0,96%"
"27.05.2024","31,832","30,705","32,060","30,617","","3,64%"
"26.05.2024","30,715","30,545","30,785","30,545","","0,71%"
"24.05.2024","30,499","30,330","30,835","30,235","55,07K","0,14%"
"23.05.2024","30,455","31,015","31,185","30,265","107,27K","-3,31%"
"22.05.2024","31,496","32,225","32,440","30,965","93,21K","-1,81%"
"21.05.2024","32,078","32,055","32,720","31,280","112,62K","-1,07%"
"20.05.2024","32,426","31,850","32,750","31,180","159,97K","3,73%"
"17.05.2024","31,259","29,825","31,850","29,700","132,93K","4,63%"
"16.05.2024","29,876","29,900","30,105","29,555","91,44K","0,49%"
"15.05.2024","29,729","28,855","29,990","28,675","117,42K","3,58%"
"14.05.2024","28,702","28,420","28,985","28,310","70,50K","0,91%"
"13.05.2024","28,443","28,420","28,615","28,185","55,32K","-0,22%"
"10.05.2024","28,506","28,580","29,000","28,270","77,59K","0,50%"
"09.05.2024","28,365","27,560","28,580","27,515","79,43K","2,77%"
"08.05.2024","27,601","27,475","27,725","27,240","51,14K","0,21%"
"07.05.2024","27,544","27,715","27,770","27,390","47,44K","-0,25%"
"06.05.2024","27,614","26,810","27,730","26,655","68,06K","3,46%"
"03.05.2024","26,690","26,940","27,140","26,345","65,99K","-0,52%"
"02.05.2024","26,829","26,905","27,065","26,255","63,28K","0,30%"
"01.05.2024","26,748","26,550","27,250","26,520","64,62K","0,35%"
"30.04.2024","26,654","27,455","27,455","26,515","87,80K","-3,64%"
"29.04.2024","27,660","27,500","27,735","27,225","61,96K","0,94%"
"26.04.2024","27,402","27,625","27,890","27,250","1,03K","-0,36%"
"25.04.2024","27,502","27,385","27,745","27,150","0,85K","0,02%"
"24.04.2024","27,496","27,450","27,660","27,215","0,52K","-0,05%"
"23.04.2024","27,511","27,420","27,560","26,855","0,83K","0,42%"
"22.04.2024","27,397","28,780","28,820","27,315","0,60K","-5,52%"
"19.04.2024","28,998","28,440","29,150","28,350","0,62K","1,63%"
"18.04.2024","28,532","28,455","28,830","28,360","0,43K","-0,07%"
"17.04.2024","28,553","28,405","29,020","28,300","0,40K","0,09%"
"16.04.2024","28,526","29,140","29,240","28,190","0,35K","-1,18%"
"15.04.2024","28,866","28,380","29,080","27,810","0,26K","1,36%"
"12.04.2024","28,480","28,765","29,995","28,150","0,84K","0,28%"
"11.04.2024","28,401","28,115","28,700","28,020","0,20K","0,70%"
"10.04.2024","28,204","28,460","28,760","27,900","0,47K","0,25%"
"09.04.2024","28,134","28,180","28,585","28,040","0,19K","0,64%"
"08.04.2024","27,956","27,435","28,275","27,145","0,49K","1,11%"
"05.04.2024","27,649","27,200","27,695","26,555","0,36K","0,96%"
"04.04.2024","27,385","27,455","27,515","26,940","0,26K","0,70%"
"03.04.2024","27,195","26,460","27,360","26,460","0,41K","4,37%"
"02.04.2024","26,057","25,400","26,235","25,400","0,16K","3,39%"
"01.04.2024","25,203","25,360","25,600","25,150","0,05K","0,41%"
"29.03.2024","25,100","25,100","25,100","25,100","","0,23%"
"28.03.2024","25,042","24,645","25,240","24,645","0,03K","0,66%"
"27.03.2024","24,879","24,855","25,025","24,695","4,48K","1,04%"
"26.03.2024","24,623","24,845","25,055","24,515","69,88K","-1,08%"
"25.03.2024","24,891","24,850","25,050","24,720","39,55K","0,19%"
"22.03.2024","24,843","24,920","25,110","24,580","57,39K","-0,66%"
"21.03.2024","25,007","25,790","25,975","24,820","104,11K","-0,39%"
"20.03.2024","25,104","25,090","25,835","24,930","68,27K","-0,12%"
"19.03.2024","25,135","25,250","25,360","24,920","49,79K","-0,51%"
"18.03.2024","25,265","25,400","25,535","25,150","47,98K","-0,46%"
"15.03.2024","25,381","25,030","25,660","25,000","76,16K","1,28%"
"14.03.2024","25,060","25,225","25,370","24,950","74,03K","-0,38%"
"13.03.2024","25,156","24,335","25,250","24,275","79,33K","3,12%"
"12.03.2024","24,394","24,675","24,900","24,220","75,85K","-1,30%"
"11.03.2024","24,715","24,580","24,740","24,445","48,83K","0,68%"
"08.03.2024","24,549","24,545","24,860","24,380","85,10K","-0,12%"
"07.03.2024","24,578","24,400","24,735","24,225","85,24K","0,35%"
"06.03.2024","24,493","23,895","24,535","23,785","83,30K","2,12%"
"05.03.2024","23,984","24,125","24,455","23,845","98,92K","-0,03%"
"04.03.2024","23,991","23,370","24,160","23,230","87,50K","2,68%"
"01.03.2024","23,364","22,885","23,485","22,710","71,03K","2,09%"
"29.02.2024","22,885","22,675","23,000","22,500","56,32K","1,10%"
"28.02.2024","22,636","22,670","22,735","22,470","44,45K","-0,07%"
"27.02.2024","22,651","22,605","22,820","22,525","0,96K","0,06%"
"26.02.2024","22,638","23,030","23,030","22,580","0,56K","-1,94%"
"23.02.2024","23,087","22,915","23,115","22,735","0,26K","0,82%"
"22.02.2024","22,899","23,035","23,300","22,885","0,19K","-0,39%"
"21.02.2024","22,989","23,255","23,320","22,930","0,14K","-1,12%"
"20.02.2024","23,250","23,530","23,530","23,135","0,14K","1,07%"
"19.02.2024","23,003","23,455","23,508","22,988","","-1,92%"
"18.02.2024","23,453","23,473","23,480","23,420","","-0,56%"
"16.02.2024","23,584","23,055","23,630","22,960","0,04K","2,27%"
"15.02.2024","23,061","22,720","23,090","22,665","0,02K","2,52%"
"14.02.2024","22,495","22,135","22,560","22,120","0,04K","1,03%"
"13.02.2024","22,266","22,635","22,635","22,195","0,01K","-2,68%"
"12.02.2024","22,878","22,995","23,110","22,900","0,01K","0,76%"
"09.02.2024","22,706","22,800","22,870","22,635","0,01K","-0,19%"
"08.02.2024","22,749","22,405","22,770","22,400","0,02K","1,24%"
"07.02.2024","22,471","22,490","22,490","22,395","0,02K","-0,52%"
"06.02.2024","22,588","22,570","22,570","22,475","0,02K","0,24%"
"05.02.2024","22,534","22,770","22,770","22,495","0,00K","-1,63%"
"02.02.2024","22,908","23,360","23,360","22,640","0,01K","-1,88%"
"01.02.2024","23,347","23,435","23,435","23,435","0,01K","0,28%"
"31.01.2024","23,282","23,410","23,410","23,395","0,00K","-0,26%"
"30.01.2024","23,343","23,550","23,650","23,285","4,66K","0,40%"
"29.01.2024","23,251","22,920","23,340","22,880","60,07K","1,66%"
"26.01.2024","22,872","23,025","23,100","22,810","44,28K","-0,24%"
"25.01.2024","22,927","22,800","23,155","22,765","57,18K","0,17%"
"24.01.2024","22,889","22,570","23,090","22,465","77,93K","1,90%"
"23.01.2024","22,462","22,200","22,580","22,165","49,42K","0,74%"
"22.01.2024","22,296","22,745","22,780","22,040","74,92K","-1,83%"
"19.01.2024","22,711","22,885","22,980","22,595","41,45K","-0,42%"
"18.01.2024","22,807","22,715","22,900","22,520","46,15K","0,61%"
"17.01.2024","22,669","23,095","23,110","22,660","52,25K","-1,84%"
"16.01.2024","23,093","23,350","23,500","23,015","61,42K","-1,01%"
"15.01.2024","23,328","23,323","23,497","23,273","","0,02%"
"14.01.2024","23,323","23,350","23,352","23,317","","-0,03%"
"12.01.2024","23,329","22,920","23,720","22,915","72,37K","2,75%"
"11.01.2024","22,705","23,085","23,400","22,630","81,74K","-1,57%"
"10.01.2024","23,066","23,160","23,290","22,935","44,06K","-0,11%"
"09.01.2024","23,091","23,315","23,565","23,080","42,90K","-0,94%"
"08.01.2024","23,310","23,380","23,410","23,020","46,69K","-0,02%"
"05.01.2024","23,315","23,205","23,715","22,970","62,46K","0,55%"
"04.01.2024","23,187","23,190","23,260","22,880","52,98K","0,13%"
"03.01.2024","23,157","23,885","23,950","23,045","86,46K","-3,32%"
"02.01.2024","23,953","24,045","24,335","23,875","47,42K","-0,40%"
"01.01.2024","24,050","24,027","24,090","24,027","","-0,15%"
"29.12.2023","24,086","24,225","24,235","23,760","46,55K","-1,17%"
"28.12.2023","24,372","24,550","24,740","24,185","35,69K","-0,63%"
"27.12.2023","24,526","24,380","24,610","24,145","0,30K","0,99%"
"26.12.2023","24,285","24,380","24,535","24,225","0,39K","-0,92%"
"25.12.2023","24,510","24,475","24,547","24,470","","0,27%"
"22.12.2023","24,445","24,610","24,760","24,345","0,10K","-0,09%"
"21.12.2023","24,468","24,420","24,650","24,420","0,22K","-0,20%"
"20.12.2023","24,516","24,285","24,620","24,150","0,26K","1,28%"
"19.12.2023","24,206","24,025","24,325","24,025","0,09K","0,88%"
"18.12.2023","23,994","23,980","24,135","23,860","0,23K","-0,20%"
"15.12.2023","24,042","24,190","24,450","24,020","0,20K","-0,95%"
"14.12.2023","24,273","23,980","24,330","23,975","0,21K","6,39%"
"13.12.2023","22,815","22,850","23,950","22,700","0,35K","-0,40%"
"12.12.2023","22,906","23,020","23,195","22,925","0,06K","-0,20%"
"11.12.2023","22,953","23,225","23,265","22,920","0,40K","-0,90%"
"08.12.2023","23,161","24,035","24,070","23,160","0,09K","-3,26%"
"07.12.2023","23,942","24,125","24,150","23,970","0,04K","-0,71%"
"06.12.2023","24,112","24,475","24,525","24,160","0,06K","-1,30%"
"05.12.2023","24,430","24,780","24,895","24,270","0,16K","-1,44%"
"04.12.2023","24,786","26,050","26,050","24,765","0,06K","-3,70%"
"01.12.2023","25,738","25,525","25,790","25,525","0,07K","0,77%"
"30.11.2023","25,541","25,375","25,560","25,285","0,09K","0,79%"
"29.11.2023","25,342","25,430","25,680","25,245","67,40K","1,10%"
"28.11.2023","25,066","24,815","25,200","24,735","2,06K","1,06%"
"27.11.2023","24,803","24,510","25,050","24,470","1,01K","1,40%"
"24.11.2023","24,461","23,855","24,490","23,775","1,00K","3,01%"
"23.11.2023","23,747","23,655","23,837","23,650","","-0,26%"
"22.11.2023","23,808","23,960","24,075","23,720","0,15K","-0,75%"
"21.11.2023","23,989","23,695","24,160","23,680","0,41K","1,08%"
"20.11.2023","23,732","23,835","23,885","23,500","0,45K","-0,99%"
"17.11.2023","23,970","24,000","24,290","23,890","0,70K","-0,35%"
"16.11.2023","24,053","23,665","24,280","23,665","0,82K","1,67%"
"15.11.2023","23,659","23,270","23,670","23,270","0,10K","1,76%"
"14.11.2023","23,249","22,530","23,320","22,510","0,36K","3,43%"
"13.11.2023","22,477","22,500","22,500","22,130","0,13K","0,35%"
"10.11.2023","22,399","22,810","22,880","22,390","0,07K","-2,71%"
"09.11.2023","23,023","22,610","23,170","22,610","0,10K","0,77%"
"08.11.2023","22,846","22,720","22,970","22,515","0,04K","0,60%"
"07.11.2023","22,709","23,245","23,275","22,680","0,15K","-2,77%"
"06.11.2023","23,355","23,395","23,440","23,245","0,11K","-0,22%"
"03.11.2023","23,406","22,900","23,480","22,850","0,12K","1,89%"
"02.11.2023","22,971","23,235","23,355","22,900","0,15K","0,26%"
"01.11.2023","22,912","22,970","23,245","22,895","0,09K","-0,71%"
"31.10.2023","23,075","23,555","23,560","22,985","0,02K","-1,89%"
"30.10.2023","23,519","23,325","23,850","23,325","0,16K","2,76%"
"27.10.2023","22,887","22,935","23,255","22,775","46,57K","-0,09%"
"26.10.2023","22,908","23,005","23,275","22,565","59,31K","-0,43%"
"25.10.2023","23,007","23,060","23,160","22,690","55,00K","-0,47%"
"24.10.2023","23,116","23,095","23,350","22,805","48,11K","-0,40%"
"23.10.2023","23,210","23,505","23,505","22,895","51,81K","-1,25%"
"20.10.2023","23,504","23,190","23,880","23,015","82,80K","2,05%"
"19.10.2023","23,031","23,015","23,230","22,785","58,63K","-0,29%"
"18.10.2023","23,099","22,975","23,490","22,840","66,39K","0,33%"
"17.10.2023","23,024","22,780","23,180","22,535","48,47K","1,14%"
"16.10.2023","22,765","22,910","22,910","22,635","36,55K","-0,57%"
"13.10.2023","22,895","21,985","22,990","21,960","76,26K","4,26%"
"12.10.2023","21,959","22,205","22,390","21,880","51,30K","-0,79%"
"11.10.2023","22,133","22,015","22,275","21,955","45,00K","0,82%"
"10.10.2023","21,953","22,030","22,110","21,775","43,79K","0,13%"
"09.10.2023","21,924","21,940","22,180","21,705","58,31K","0,93%"
"06.10.2023","21,723","21,120","21,780","20,940","84,53K","3,35%"
"05.10.2023","21,019","21,180","21,455","20,855","57,84K","-0,60%"
"04.10.2023","21,146","21,375","21,570","20,850","68,61K","-1,08%"
"03.10.2023","21,377","21,310","21,595","20,870","82,34K","-0,21%"
"02.10.2023","21,421","22,410","22,410","21,215","98,27K","-4,58%"
"29.09.2023","22,450","22,840","23,805","22,325","112,99K","-1,28%"
"28.09.2023","22,741","22,800","22,955","22,610","67,24K","0,58%"
"27.09.2023","22,609","22,940","22,970","22,540","0,50K","-2,07%"
"26.09.2023","23,086","23,170","23,215","23,000","0,12K","-0,82%"
"25.09.2023","23,277","23,695","23,715","23,205","0,07K","-1,93%"
"22.09.2023","23,734","23,690","23,910","23,690","0,09K","0,64%"
"21.09.2023","23,582","23,335","23,635","22,980","0,08K","-0,62%"
"20.09.2023","23,728","23,225","23,760","23,225","0,29K","1,61%"
"19.09.2023","23,351","23,490","23,585","23,430","0,03K","-0,21%"
"18.09.2023","23,399","23,220","23,220","23,220","0,08K","0,46%"
"15.09.2023","23,292","22,860","23,445","22,860","0,05K","1,70%"
"14.09.2023","22,902","22,985","22,985","22,520","0,05K","-0,77%"
"13.09.2023","23,080","23,295","23,295","22,975","0,02K","-0,95%"
"12.09.2023","23,301","23,345","23,345","23,060","0,01K","0,08%"
"11.09.2023","23,282","23,280","23,385","23,200","0,02K","0,91%"
"08.09.2023","23,073","23,200","23,320","23,200","0,01K","-0,26%"
"07.09.2023","23,134","23,200","23,225","23,065","0,01K","-1,12%"
"06.09.2023","23,397","23,710","23,790","23,250","0,04K","-1,54%"
"05.09.2023","23,762","24,255","24,265","23,755","0,08K","-2,23%"
"04.09.2023","24,305","24,527","24,650","24,302","","-0,93%"
"03.09.2023","24,532","24,540","24,565","24,483","","0,37%"
"01.09.2023","24,442","24,830","25,060","24,690","0,01K","-1,01%"
"31.08.2023","24,692","25,020","25,060","24,745","47,18K","-1,15%"
"30.08.2023","24,978","25,135","25,425","24,920","67,03K","0,31%"
"29.08.2023","24,901","24,385","24,950","24,360","0,78K","2,18%"
"28.08.2023","24,369","24,410","24,500","24,235","0,92K","0,08%"
"25.08.2023","24,349","24,300","24,440","24,100","0,19K","0,02%"
"24.08.2023","24,343","24,415","24,460","24,270","0,19K","-0,62%"
"23.08.2023","24,495","23,600","24,510","23,600","0,89K","4,00%"
"22.08.2023","23,553","23,470","23,570","23,375","0,17K","0,47%"
"21.08.2023","23,443","22,840","23,485","22,840","0,08K","2,64%"
"18.08.2023","22,840","22,915","22,965","22,840","0,10K","0,08%"
"17.08.2023","22,821","22,735","22,860","22,735","0,05K","0,81%"
"16.08.2023","22,637","22,795","22,900","22,575","0,01K","-0,54%"
"15.08.2023","22,759","22,885","22,885","22,575","0,02K","-0,24%"
"14.08.2023","22,813","22,725","22,825","22,535","0,14K","-0,17%"
"11.08.2023","22,851","22,925","22,975","22,780","0,17K","-0,34%"
"10.08.2023","22,929","22,835","22,990","22,810","0,26K","0,39%"
"09.08.2023","22,841","23,015","23,055","22,850","0,08K","-0,35%"
"08.08.2023","22,922","23,330","23,330","22,950","0,20K","-1,84%"
"07.08.2023","23,352","23,760","23,760","23,280","0,06K","-2,03%"
"04.08.2023","23,836","23,655","23,890","23,655","0,01K","0,08%"
"03.08.2023","23,816","23,725","23,745","23,670","0,04K","-0,73%"
"02.08.2023","23,991","24,645","24,645","23,940","0,01K","-1,86%"
"01.08.2023","24,445","24,540","24,545","24,540","0,07K","-2,58%"
"31.07.2023","25,092","24,585","25,070","24,465","0,10K","1,92%"
"28.07.2023","24,620","24,685","24,895","24,610","3,42K","1,04%"
"27.07.2023","24,367","25,075","25,325","24,180","83,21K","-2,41%"
"26.07.2023","24,970","24,870","25,210","24,675","56,99K","0,59%"
"25.07.2023","24,824","24,525","24,910","24,450","49,47K","0,99%"
"24.07.2023","24,581","24,790","24,890","24,425","54,68K","-1,10%"
"21.07.2023","24,855","24,950","25,110","24,765","36,91K","-0,43%"
"20.07.2023","24,962","25,345","25,475","24,895","59,02K","-1,67%"
"19.07.2023","25,387","25,275","25,460","25,145","43,19K","0,52%"
"18.07.2023","25,256","25,060","25,405","24,975","60,83K","0,95%"
"17.07.2023","25,018","25,155","25,155","24,815","44,98K","-0,70%"
"14.07.2023","25,194","25,105","25,255","24,910","73,14K","0,98%"
"13.07.2023","24,949","24,330","25,110","24,310","90,28K","2,63%"
"12.07.2023","24,310","23,325","24,375","23,310","82,58K","4,42%"
"11.07.2023","23,281","23,335","23,595","23,220","34,71K","-0,27%"
"10.07.2023","23,345","23,340","23,370","22,940","38,29K","0,24%"
"07.07.2023","23,289","22,905","23,365","22,800","48,81K","1,74%"
"06.07.2023","22,890","23,355","23,470","22,720","61,14K","-2,19%"
"05.07.2023","23,402","23,120","23,535","22,970","81,91K","1,01%"
"04.07.2023","23,168","23,102","23,267","23,073","","0,24%"
"03.07.2023","23,112","22,995","23,290","22,910","45,69K","0,40%"
"30.06.2023","23,020","22,770","23,050","22,540","44,56K","0,97%"
"29.06.2023","22,798","22,940","23,110","22,485","55,88K","-0,80%"
"28.06.2023","22,981","22,965","23,040","22,685","0,24K","-0,30%"
"27.06.2023","23,049","22,890","23,230","22,890","0,27K","0,55%"
"26.06.2023","22,923","22,550","23,000","22,550","0,41K","2,09%"
"23.06.2023","22,453","22,375","22,710","22,260","0,15K","-0,51%"
"22.06.2023","22,567","22,770","22,770","22,350","0,10K","-1,50%"
"21.06.2023","22,911","23,330","23,330","22,640","0,10K","-1,81%"
"20.06.2023","23,334","24,270","24,270","23,245","0,30K","-3,03%"
"19.06.2023","24,062","24,198","24,262","23,962","","-0,56%"
"18.06.2023","24,198","24,235","24,258","24,172","","-0,09%"
"16.06.2023","24,219","24,050","24,355","24,050","0,04K","0,73%"
"15.06.2023","24,044","24,055","24,070","23,455","0,22K","-0,69%"
"14.06.2023","24,212","23,965","24,245","23,965","0,02K","1,18%"
"13.06.2023","23,929","24,330","24,550","23,900","0,01K","-0,98%"
"12.06.2023","24,165","24,290","24,470","24,070","0,04K","-1,43%"
"09.06.2023","24,516","24,470","24,650","24,470","0,03K","0,25%"
"08.06.2023","24,455","23,630","24,500","23,625","0,05K","3,46%"
"07.06.2023","23,638","23,640","23,640","23,640","0,00K","-0,59%"
"06.06.2023","23,779","23,690","23,775","23,650","0,01K","0,15%"
"05.06.2023","23,743","23,870","23,990","23,535","6,15K","-0,47%"
"02.06.2023","23,855","23,950","23,950","23,800","0,01K","-1,00%"
"01.06.2023","24,096","23,830","24,240","23,620","4,43K","1,69%"
"31.05.2023","23,696","23,475","23,475","23,435","0,01K","1,47%"
"30.05.2023","23,353","23,620","23,685","23,260","3,54K","0,37%"
"29.05.2023","23,267","23,410","23,503","23,258","","-0,62%"
"28.05.2023","23,413","23,430","23,455","23,395","","0,23%"
"26.05.2023","23,360","22,830","23,460","22,785","59,82K","1,96%"
"25.05.2023","22,910","23,185","23,260","22,800","63,12K","-1,42%"
"24.05.2023","23,240","23,590","23,655","23,140","52,10K","-1,63%"
"23.05.2023","23,624","23,800","23,810","23,235","61,00K","-0,99%"
"22.05.2023","23,861","24,020","24,085","23,760","39,17K","-0,83%"
"19.05.2023","24,060","23,655","24,185","23,555","56,31K","1,81%"
"18.05.2023","23,633","23,940","23,960","23,485","46,40K","-1,10%"
"17.05.2023","23,897","23,915","24,060","23,715","49,65K","0,02%"
"16.05.2023","23,893","24,265","24,275","23,805","63,67K","-1,64%"
"15.05.2023","24,291","24,100","24,395","24,050","42,50K","0,57%"
"12.05.2023","24,154","24,370","24,405","23,910","72,51K","-1,11%"
"11.05.2023","24,424","25,545","25,700","24,325","107,00K","-4,81%"
"10.05.2023","25,658","25,840","26,200","25,455","77,95K","-0,93%"
"09.05.2023","25,898","25,790","25,930","25,570","45,73K","0,25%"
"08.05.2023","25,834","25,945","25,990","25,760","34,92K","-0,37%"
"05.05.2023","25,930","26,330","26,435","25,410","68,60K","-1,13%"
"04.05.2023","26,227","25,910","26,360","25,700","73,18K","2,13%"
"03.05.2023","25,681","25,650","25,910","25,355","52,18K","0,24%"
"02.05.2023","25,619","25,245","25,765","24,820","62,31K","1,54%"
"01.05.2023","25,230","25,460","26,210","25,140","75,57K","0,02%"
"28.04.2023","25,226","25,205","25,350","24,980","44,91K","0,07%"
"27.04.2023","25,209","25,170","25,410","24,745","70,92K","0,95%"
"26.04.2023","24,972","25,135","25,370","24,920","0,78K","-0,02%"
"25.04.2023","24,978","25,330","25,500","24,650","0,64K","-1,70%"
"24.04.2023","25,411","25,280","25,415","24,965","0,20K","0,99%"
"21.04.2023","25,162","25,440","25,545","25,110","0,15K","-1,24%"
"20.04.2023","25,478","25,475","25,650","25,295","0,44K","0,03%"
"19.04.2023","25,471","25,150","25,550","24,845","0,24K","0,41%"
"18.04.2023","25,368","25,210","25,500","25,170","0,18K","0,68%"
"17.04.2023","25,197","25,470","25,725","25,105","0,05K","-1,45%"
"14.04.2023","25,569","26,075","26,320","25,410","0,25K","-1,79%"
"13.04.2023","26,035","25,715","26,135","25,660","0,14K","1,85%"
"12.04.2023","25,563","25,515","25,910","25,330","0,25K","1,06%"
"11.04.2023","25,296","25,195","25,390","25,100","0,08K","1,10%"
"10.04.2023","25,020","25,100","25,200","25,015","0,04K","-0,71%"
"06.04.2023","25,198","25,190","25,205","24,890","0,09K","0,22%"
"05.04.2023","25,143","25,235","25,325","24,890","0,12K","-0,23%"
"04.04.2023","25,201","24,105","25,235","24,105","0,08K","4,49%"
"03.04.2023","24,118","24,050","24,420","24,050","0,03K","-0,54%"
"31.03.2023","24,248","24,105","24,350","24,105","0,03K","0,71%"
"30.03.2023","24,076","23,630","24,265","23,560","3,80K","2,60%"
"29.03.2023","23,466","23,470","23,555","23,205","42,58K","0,20%"
"28.03.2023","23,420","23,210","23,515","22,960","42,18K","1,19%"
"27.03.2023","23,145","23,485","23,485","23,000","47,37K","-0,83%"
"24.03.2023","23,339","23,240","23,705","23,125","65,53K","0,36%"
"23.03.2023","23,256","23,100","23,360","22,900","60,54K","2,06%"
"22.03.2023","22,786","22,510","23,240","22,410","56,69K","1,61%"
"21.03.2023","22,425","22,665","22,785","22,290","45,06K","-0,98%"
"20.03.2023","22,646","22,710","22,855","22,350","65,64K","0,82%"
"17.03.2023","22,462","21,855","22,765","21,785","68,62K","3,55%"
"16.03.2023","21,692","21,925","22,210","21,590","56,94K","-0,87%"
"15.03.2023","21,882","21,795","22,525","21,605","89,43K","-0,72%"
"14.03.2023","22,040","21,920","22,090","21,465","75,57K","0,53%"
"13.03.2023","21,923","20,720","22,045","20,645","121,60K","6,91%"
"10.03.2023","20,506","20,145","20,875","19,945","73,69K","1,69%"
"09.03.2023","20,165","20,125","20,355","20,025","47,40K","0,07%"
"08.03.2023","20,151","20,165","20,290","19,955","60,89K","-0,24%"
"07.03.2023","20,199","21,140","21,215","20,105","69,32K","-4,43%"
"06.03.2023","21,135","21,385","21,395","21,070","56,90K","-0,48%"
"03.03.2023","21,238","20,990","21,385","20,910","53,40K","1,61%"
"02.03.2023","20,901","21,085","21,100","20,760","45,16K","-0,92%"
"01.03.2023","21,095","21,030","21,285","20,945","57,92K","0,11%"
"28.02.2023","21,071","20,740","21,125","20,505","61,59K","1,34%"
"27.02.2023","20,793","20,915","20,945","20,640","66,62K","-0,46%"
"24.02.2023","20,890","21,410","21,450","20,800","0,57K","-2,27%"
"23.02.2023","21,376","21,610","21,715","21,340","0,30K","-1,71%"
"22.02.2023","21,748","21,970","22,000","21,545","0,24K","-1,01%"
"21.02.2023","21,970","21,770","22,060","21,675","0,25K","0,74%"
"20.02.2023","21,808","21,595","21,902","21,558","","0,97%"
"19.02.2023","21,598","21,753","21,753","21,585","","-0,95%"
"17.02.2023","21,806","21,575","21,895","21,320","0,18K","-0,02%"
"16.02.2023","21,810","21,840","21,850","21,525","0,11K","0,70%"
"15.02.2023","21,659","21,800","21,800","21,540","0,07K","-1,38%"
"14.02.2023","21,961","21,845","22,090","21,710","0,04K","0,09%"
"13.02.2023","21,942","22,020","22,145","22,000","0,04K","-1,01%"
"10.02.2023","22,165","22,190","22,260","22,095","0,05K","-0,34%"
"09.02.2023","22,241","22,545","22,555","22,050","0,07K","-1,24%"
"08.02.2023","22,520","22,420","22,650","22,415","0,03K","1,09%"
"07.02.2023","22,277","22,415","22,550","22,300","0,01K","-0,27%"
"06.02.2023","22,337","22,655","22,655","22,365","0,01K","-0,75%"
"03.02.2023","22,505","23,315","23,315","22,460","0,03K","-5,10%"
"02.02.2023","23,715","24,450","24,625","23,675","0,03K","0,05%"
"01.02.2023","23,703","24,010","24,350","23,645","3,94K","-0,95%"
"31.01.2023","23,930","23,860","24,065","23,270","3,60K","0,46%"
"30.01.2023","23,821","23,905","24,095","23,835","3,19K","0,84%"
"27.01.2023","23,622","24,025","24,120","23,390","65,13K","-1,66%"
"26.01.2023","24,020","24,055","24,415","23,690","85,57K","0,33%"
"25.01.2023","23,941","23,765","24,065","23,440","56,58K","0,81%"
"24.01.2023","23,749","23,565","23,855","23,310","51,75K","0,83%"
"23.01.2023","23,554","24,055","24,295","22,845","91,28K","-1,59%"
"20.01.2023","23,935","24,005","24,225","23,830","56,90K","0,27%"
"19.01.2023","23,870","23,595","24,075","23,270","66,63K","0,94%"
"18.01.2023","23,647","24,090","24,500","23,550","82,10K","-1,75%"
"17.01.2023","24,068","24,450","24,670","23,975","86,02K","-1,58%"
"16.01.2023","24,455","24,413","24,665","24,087","","0,16%"
"15.01.2023","24,415","24,422","24,445","24,380","","0,18%"
"13.01.2023","24,372","23,920","24,445","23,620","59,83K","1,53%"
"12.01.2023","24,004","23,530","24,330","23,500","73,11K","2,23%"
"11.01.2023","23,481","23,720","24,190","23,340","57,03K","-0,78%"
"10.01.2023","23,665","23,775","23,905","23,550","42,92K","-0,86%"
"09.01.2023","23,871","24,025","24,285","23,725","47,84K","-0,46%"
"06.01.2023","23,982","23,385","24,055","23,345","55,42K","2,38%"
"05.01.2023","23,424","23,940","24,060","23,260","60,08K","-2,25%"
"04.01.2023","23,964","24,175","24,640","23,745","62,31K","-1,12%"
"03.01.2023","24,236","24,305","24,775","24,095","69,96K","-0,38%"
"02.01.2023","24,328","24,177","24,387","24,165","","1,20%"
"30.12.2022","24,040","24,105","24,360","23,705","40,89K","-0,87%"
"29.12.2022","24,250","23,725","24,280","23,690","36,90K","2,08%"
"28.12.2022","23,756","24,115","24,190","23,620","0,11K","-1,60%"
"27.12.2022","24,142","23,935","24,375","23,920","0,05K","0,36%"
"26.12.2022","24,055","24,008","24,168","23,968","","0,90%"
"23.12.2022","23,840","23,675","23,910","23,675","0,04K","1,18%"
"22.12.2022","23,561","24,085","24,085","23,590","0,02K","-2,32%"
"21.12.2022","24,121","24,305","24,310","24,015","0,06K","-0,26%"
"20.12.2022","24,183","23,095","24,410","23,080","0,10K","4,61%"
"19.12.2022","23,117","23,305","23,505","23,120","0,03K","-0,55%"
"16.12.2022","23,246","23,250","23,250","22,665","0,07K","0,07%"
"15.12.2022","23,229","24,075","24,075","23,120","0,03K","-3,41%"
"14.12.2022","24,049","23,865","24,190","23,840","0,02K","0,59%"
"13.12.2022","23,909","23,565","24,165","23,565","0,01K","2,55%"
"12.12.2022","23,314","23,435","23,645","23,395","0,01K","-1,33%"
"09.12.2022","23,628","23,190","23,595","23,190","0,03K","2,03%"
"08.12.2022","23,157","22,715","23,335","22,715","0,01K","1,40%"
"07.12.2022","22,837","22,400","22,855","22,400","0,03K","2,61%"
"06.12.2022","22,256","22,435","22,655","22,305","0,18K","-0,30%"
"05.12.2022","22,324","23,310","23,310","22,500","0,20K","-3,66%"
"02.12.2022","23,171","22,850","23,390","22,570","0,03K","1,69%"
"01.12.2022","22,786","22,680","22,950","22,680","0,01K","4,87%"
"30.11.2022","21,727","21,755","21,755","21,725","0,03K","1,57%"
"29.11.2022","21,392","21,130","21,635","21,060","46,73K","1,86%"
"28.11.2022","21,002","21,520","21,715","20,945","1,59K","-2,36%"
"25.11.2022","21,509","21,660","21,785","21,280","0,75K","0,00%"
"24.11.2022","21,508","21,637","21,730","21,488","","0,34%"
"23.11.2022","21,436","21,170","21,670","21,010","0,22K","1,45%"
"22.11.2022","21,130","20,975","21,435","20,975","0,54K","0,85%"
"21.11.2022","20,952","21,110","21,110","20,710","0,29K","-0,59%"
"18.11.2022","21,077","21,080","21,375","20,945","0,17K","0,11%"
"17.11.2022","21,054","21,605","21,605","20,930","0,13K","-2,55%"
"16.11.2022","21,604","21,725","22,170","21,565","0,18K","0,05%"
"15.11.2022","21,593","22,090","22,405","21,615","0,80K","-2,64%"
"14.11.2022","22,178","21,735","22,240","21,690","0,11K","2,01%"
"11.11.2022","21,741","21,725","22,125","21,490","0,39K","-0,14%"
"10.11.2022","21,772","21,280","21,955","21,170","0,91K","1,83%"
"09.11.2022","21,381","21,495","21,670","21,210","0,49K","-0,86%"
"08.11.2022","21,567","20,900","21,755","20,645","1,27K","2,79%"
"07.11.2022","20,981","20,650","21,100","20,530","0,39K","0,30%"
"06.11.2022","20,919","20,570","21,080","20,435","68,48K","0,48%"
"04.11.2022","20,820","19,560","20,965","19,560","0,25K","6,85%"
"03.11.2022","19,485","19,455","19,485","18,945","0,47K","-0,86%"
"02.11.2022","19,654","19,675","20,035","19,595","0,31K","-0,38%"
"01.11.2022","19,728","19,160","20,050","19,155","0,59K","2,84%"
"31.10.2022","19,184","19,010","19,250","19,010","0,44K","-0,13%"
"28.10.2022","19,209","19,610","19,650","19,270","0,05K","-1,46%"
"27.10.2022","19,494","19,555","19,660","19,255","58,01K","0,04%"
"26.10.2022","19,486","19,325","19,765","19,180","55,63K","0,71%"
"25.10.2022","19,349","19,195","19,410","18,740","54,44K","0,83%"
"24.10.2022","19,189","19,395","19,675","18,985","61,36K","0,65%"
"21.10.2022","19,066","18,625","19,405","18,205","85,07K","2,02%"
"20.10.2022","18,689","18,405","18,960","18,150","57,78K","1,80%"
"19.10.2022","18,359","18,685","18,755","18,305","36,44K","-1,30%"
"18.10.2022","18,600","18,625","18,865","18,490","39,82K","-0,64%"
"17.10.2022","18,719","18,160","18,890","18,155","52,19K","3,59%"
"14.10.2022","18,071","18,865","19,055","18,010","69,61K","-4,48%"
"13.10.2022","18,918","19,010","19,290","18,410","73,30K","-0,11%"
"12.10.2022","18,938","19,175","19,310","18,840","57,22K","-2,82%"
"11.10.2022","19,487","19,630","19,725","19,050","60,40K","-0,65%"
"10.10.2022","19,615","20,185","20,210","19,525","59,20K","-3,16%"
"07.10.2022","20,255","20,710","20,875","20,020","60,63K","-1,96%"
"06.10.2022","20,660","20,750","20,930","20,400","49,26K","0,56%"
"05.10.2022","20,544","21,120","21,135","19,985","80,04K","-2,63%"
"04.10.2022","21,099","20,745","21,310","20,680","73,44K","2,48%"
"03.10.2022","20,589","18,995","20,780","18,980","98,66K","8,14%"
"30.09.2022","19,039","18,810","19,300","18,745","53,86K","1,75%"
"29.09.2022","18,712","18,910","18,915","18,465","59,25K","-0,68%"
"28.09.2022","18,841","18,360","18,915","17,885","0,09K","2,95%"
"27.09.2022","18,302","18,380","18,740","18,305","0,20K","-0,82%"
"26.09.2022","18,453","18,525","18,935","18,305","0,09K","-2,27%"
"23.09.2022","18,881","19,210","19,210","18,770","0,06K","-3,60%"
"22.09.2022","19,587","19,235","19,665","19,235","0,13K","0,72%"
"21.09.2022","19,447","19,660","19,855","19,660","0,02K","1,57%"
"20.09.2022","19,146","19,525","19,525","19,150","0,06K","-0,90%"
"19.09.2022","19,319","19,555","19,555","19,345","0,02K","-0,11%"
"16.09.2022","19,341","19,005","19,520","18,940","0,01K","0,59%"
"15.09.2022","19,227","19,410","19,430","19,350","0,01K","-1,53%"
"14.09.2022","19,525","19,265","19,545","19,225","0,02K","0,39%"
"13.09.2022","19,449","19,410","19,520","19,270","0,03K","-1,85%"
"12.09.2022","19,816","18,810","19,850","18,810","0,02K","5,83%"
"09.09.2022","18,725","18,730","18,730","18,660","0,03K","1,76%"
"08.09.2022","18,402","18,325","18,440","18,325","0,00K","1,00%"
"07.09.2022","18,220","17,820","17,860","17,820","0,01K","1,97%"
"06.09.2022","17,868","17,845","17,930","17,845","0,02K","-0,22%"
"05.09.2022","17,908","17,940","18,465","17,815","73,96K","0,31%"
"02.09.2022","17,852","17,645","17,955","17,645","0,00K","1,25%"
"01.09.2022","17,632","17,700","17,700","17,700","0,00K","-1,22%"
"31.08.2022","17,849","17,960","17,960","17,960","0,00K","-2,17%"
"30.08.2022","18,244","18,675","18,700","18,225","58,00K","-1,92%"
"29.08.2022","18,602","18,750","18,750","18,350","0,58K","-1,01%"
"26.08.2022","18,792","19,125","19,360","18,745","0,47K","-1,85%"
"25.08.2022","19,147","19,155","19,295","18,990","0,63K","1,08%"
"24.08.2022","18,942","19,045","19,100","18,870","0,22K","-0,64%"
"23.08.2022","19,064","18,885","19,180","18,775","0,32K","0,77%"
"22.08.2022","18,918","19,050","19,050","18,660","0,22K","-1,03%"
"19.08.2022","19,114","19,445","19,445","19,005","0,06K","-2,02%"
"18.08.2022","19,508","19,810","19,920","19,460","0,03K","-1,36%"
"17.08.2022","19,776","20,205","20,205","19,710","0,10K","-1,75%"
"16.08.2022","20,128","20,265","20,265","20,070","0,03K","-0,93%"
"15.08.2022","20,317","20,810","20,810","20,120","0,04K","-2,05%"
"12.08.2022","20,743","20,260","20,780","20,260","0,04K","1,71%"
"11.08.2022","20,394","20,610","20,630","20,550","0,11K","-1,90%"
"10.08.2022","20,790","20,545","20,800","20,415","0,05K","1,26%"
"09.08.2022","20,531","20,670","20,760","20,475","0,03K","-0,64%"
"08.08.2022","20,664","19,825","20,730","19,825","0,12K","3,88%"
"05.08.2022","19,892","20,110","20,110","19,660","0,10K","-1,39%"
"04.08.2022","20,173","20,015","20,150","19,990","0,03K","1,13%"
"03.08.2022","19,947","19,920","20,035","19,920","0,02K","-1,20%"
"02.08.2022","20,189","20,460","20,640","20,080","8,94K","-1,09%"
"01.08.2022","20,412","20,500","20,660","20,235","4,97K","0,81%"
"29.07.2022","20,247","20,125","20,490","19,975","3,70K","1,65%"
"28.07.2022","19,918","19,185","20,145","19,170","5,65K","7,09%"
"27.07.2022","18,600","18,535","19,095","18,360","62,26K","0,35%"
"26.07.2022","18,535","18,330","18,620","18,285","40,82K","1,13%"
"25.07.2022","18,328","18,540","18,675","18,195","43,12K","-1,55%"
"22.07.2022","18,617","18,785","18,880","18,420","47,28K","-0,54%"
"21.07.2022","18,719","18,610","18,805","18,120","58,42K","0,27%"
"20.07.2022","18,668","18,695","19,030","18,565","42,47K","-0,24%"
"19.07.2022","18,713","18,655","18,845","18,510","36,80K","-0,67%"
"18.07.2022","18,840","18,675","18,950","18,585","42,25K","1,32%"
"15.07.2022","18,594","18,335","18,695","18,095","53,07K","2,02%"
"14.07.2022","18,225","19,180","19,180","18,010","82,27K","-5,05%"
"13.07.2022","19,194","18,870","19,360","18,790","63,75K","1,24%"
"12.07.2022","18,958","19,055","19,135","18,630","53,27K","-0,91%"
"11.07.2022","19,132","19,265","19,310","19,015","38,60K","-0,54%"
"08.07.2022","19,236","19,170","19,390","18,935","43,11K","0,25%"
"07.07.2022","19,188","19,170","19,435","19,035","42,48K","0,15%"
"06.07.2022","19,159","19,155","19,325","18,705","66,25K","0,20%"
"05.07.2022","19,121","19,880","20,100","18,970","85,00K","0,00%"
"04.07.2022","19,121","19,880","20,100","18,970","85,00K","-2,78%"
"01.07.2022","19,667","20,290","20,290","19,295","75,67K","-3,37%"
"30.06.2022","20,352","20,725","20,785","20,145","61,10K","-1,86%"
"29.06.2022","20,738","20,840","21,065","20,610","53,00K","-0,48%"
"28.06.2022","20,839","21,170","21,330","20,770","0,67K","-1,60%"
"27.06.2022","21,178","21,245","21,500","21,140","0,30K","0,18%"
"24.06.2022","21,139","21,010","21,210","20,600","0,39K","0,39%"
"23.06.2022","21,056","21,435","21,500","20,930","0,40K","-1,91%"
"22.06.2022","21,465","21,555","21,620","21,250","0,35K","-1,60%"
"21.06.2022","21,813","21,600","21,990","21,590","0,16K","0,21%"
"20.06.2022","21,768","21,520","21,950","21,430","64,99K","0,61%"
"17.06.2022","21,635","21,970","21,975","21,620","0,05K","-1,34%"
"16.06.2022","21,928","21,705","21,960","21,455","0,03K","2,17%"
"15.06.2022","21,463","21,260","21,600","21,260","0,06K","2,20%"
"14.06.2022","21,000","21,120","21,350","20,950","0,05K","-1,43%"
"13.06.2022","21,305","22,080","22,085","21,000","0,06K","-3,07%"
"10.06.2022","21,979","21,575","22,030","21,325","0,04K","0,53%"
"09.06.2022","21,864","22,135","22,135","21,600","0,10K","-1,28%"
"08.06.2022","22,148","22,120","22,285","22,115","0,28K","-0,38%"
"07.06.2022","22,233","22,310","22,310","22,310","0,25K","0,39%"
"06.06.2022","22,147","22,310","22,580","22,140","0,23K","0,84%"
"03.06.2022","21,963","21,970","22,005","21,960","0,22K","-1,64%"
"02.06.2022","22,330","21,950","22,380","21,950","0,57K","1,68%"
"01.06.2022","21,962","21,540","21,895","21,540","0,02K","1,04%"
"31.05.2022","21,737","21,815","21,900","21,655","0,01K","0,23%"
"30.05.2022","21,688","22,150","22,310","21,455","67,95K","-2,03%"
"27.05.2022","22,138","22,125","22,560","22,035","3,09K","0,79%"
"26.05.2022","21,965","21,975","22,075","21,730","29,70K","0,43%"
"25.05.2022","21,870","22,115","22,145","21,725","32,08K","-0,87%"
"24.05.2022","22,063","21,770","22,215","21,645","36,83K","1,57%"
"23.05.2022","21,723","21,780","22,205","21,660","41,17K","0,23%"
"20.05.2022","21,674","21,965","22,080","21,580","34,79K","-1,07%"
"19.05.2022","21,908","21,430","22,010","21,250","41,28K","1,69%"
"18.05.2022","21,544","21,665","21,750","21,365","33,87K","-0,95%"
"17.05.2022","21,750","21,650","21,925","21,520","39,23K","0,92%"
"16.05.2022","21,551","21,105","21,710","20,835","46,63K","2,62%"
"13.05.2022","21,001","20,635","21,125","20,420","58,68K","1,10%"
"12.05.2022","20,773","21,555","21,625","20,590","82,00K","-3,72%"
"11.05.2022","21,575","21,210","21,970","21,200","80,77K","0,70%"
"10.05.2022","21,424","21,770","22,085","21,155","78,50K","-1,81%"
"09.05.2022","21,820","22,395","22,395","21,650","80,20K","-2,45%"
"06.05.2022","22,367","22,520","22,665","22,110","59,54K","-0,34%"
"05.05.2022","22,443","23,040","23,345","22,325","71,88K","0,18%"
"04.05.2022","22,402","22,600","23,125","22,220","58,06K","-1,16%"
"03.05.2022","22,665","22,700","22,890","22,440","43,73K","0,36%"
"02.05.2022","22,584","22,785","22,880","22,130","56,21K","-2,17%"
"29.04.2022","23,085","23,230","23,650","22,710","55,33K","-0,41%"
"28.04.2022","23,181","23,365","23,455","22,940","57,59K","-1,29%"
"27.04.2022","23,483","23,650","23,780","23,325","0,67K","-0,38%"
"26.04.2022","23,572","23,790","23,980","23,495","0,39K","-0,53%"
"25.04.2022","23,698","24,180","24,180","23,540","0,18K","-2,40%"
"22.04.2022","24,280","24,640","24,690","24,145","0,52K","-1,53%"
"21.04.2022","24,657","25,300","25,300","24,520","0,33K","-2,55%"
"20.04.2022","25,303","25,210","25,390","25,065","0,15K","-0,48%"
"19.04.2022","25,426","26,045","26,170","25,295","0,22K","-2,88%"
"18.04.2022","26,181","26,110","26,480","26,095","0,18K","1,73%"
"14.04.2022","25,735","25,950","26,135","25,580","0,06K","-1,25%"
"13.04.2022","26,060","25,620","26,065","25,620","0,14K","1,13%"
"12.04.2022","25,769","25,275","25,830","25,130","0,08K","2,99%"
"11.04.2022","25,022","24,985","25,580","24,860","0,20K","0,63%"
"08.04.2022","24,866","24,795","24,960","24,700","0,31K","0,33%"
"07.04.2022","24,785","24,515","24,780","24,515","0,30K","1,13%"
"06.04.2022","24,509","24,625","24,625","24,625","0,29K","-0,32%"
"05.04.2022","24,588","24,900","25,065","24,500","0,29K","-0,19%"
"04.04.2022","24,636","24,750","25,010","24,490","0,46K","-0,21%"
"01.04.2022","24,689","24,980","24,980","24,935","0,01K","-1,86%"
"31.03.2022","25,158","24,780","25,130","24,780","0,03K","0,05%"
"30.03.2022","25,146","25,010","25,325","24,925","4,55K","1,66%"
"29.03.2022","24,736","25,010","25,135","24,045","76,19K","-1,83%"
"28.03.2022","25,196","25,725","25,795","24,940","46,26K","-1,64%"
"25.03.2022","25,615","25,850","26,035","25,470","37,91K","-1,18%"
"24.03.2022","25,920","25,285","26,160","25,170","61,00K","2,90%"
"23.03.2022","25,189","24,915","25,370","24,780","34,15K","1,14%"
"22.03.2022","24,904","25,410","25,590","24,695","45,76K","-1,62%"
"21.03.2022","25,313","25,150","25,520","25,050","34,84K","0,90%"
"18.03.2022","25,087","25,595","25,640","24,980","38,06K","-2,07%"
"17.03.2022","25,616","25,240","25,750","25,165","40,14K","3,67%"
"16.03.2022","24,710","25,115","25,250","24,550","46,30K","-1,78%"
"15.03.2022","25,158","25,260","25,315","24,750","47,79K","-0,55%"
"14.03.2022","25,298","26,280","26,290","25,160","52,36K","-3,30%"
"11.03.2022","26,160","26,255","26,350","25,695","51,55K","-0,37%"
"10.03.2022","26,256","26,060","26,425","25,600","55,85K","1,70%"
"09.03.2022","25,816","26,925","27,390","25,730","87,11K","-4,01%"
"08.03.2022","26,895","25,805","27,495","25,550","127,21K","4,57%"
"07.03.2022","25,720","26,025","26,370","25,465","81,50K","-0,27%"
"04.03.2022","25,789","25,285","25,920","25,155","70,86K","2,29%"
"03.03.2022","25,212","25,450","25,665","25,075","57,47K","0,09%"
"02.03.2022","25,190","25,505","25,545","24,960","69,47K","-1,37%"
"01.03.2022","25,541","24,455","25,650","24,345","68,56K","4,82%"
"28.02.2022","24,366","24,620","24,880","24,155","55,28K","1,45%"
"25.02.2022","24,017","24,330","24,550","23,920","67,32K","-2,75%"
"24.02.2022","24,697","24,655","25,680","23,960","0,81K","0,50%"
"23.02.2022","24,574","24,140","24,630","24,090","0,38K","1,00%"
"22.02.2022","24,331","24,080","24,400","23,760","0,37K","0,08%"
"21.02.2022","24,311","24,060","24,385","23,710","96,22K","1,22%"
"18.02.2022","24,019","23,865","24,100","23,735","0,09K","0,49%"
"17.02.2022","23,903","23,580","23,950","23,580","0,10K","1,14%"
"16.02.2022","23,633","23,425","23,680","23,425","0,09K","1,13%"
"15.02.2022","23,369","24,010","24,010","23,140","0,06K","-2,13%"
"14.02.2022","23,877","23,700","23,925","23,700","0,22K","2,07%"
"11.02.2022","23,392","23,040","23,040","23,040","0,00K","-0,65%"
"10.02.2022","23,545","23,680","23,695","23,620","0,02K","0,78%"
"09.02.2022","23,362","23,290","23,350","23,120","0,02K","0,61%"
"08.02.2022","23,221","22,845","23,240","22,845","0,01K","0,53%"
"07.02.2022","23,098","22,575","22,985","22,575","0,01K","2,67%"
"04.02.2022","22,497","22,465","22,640","22,150","0,03K","0,45%"
"03.02.2022","22,397","22,635","22,645","22,050","0,06K","-1,47%"
"02.02.2022","22,730","22,675","22,910","22,520","0,01K","0,50%"
"01.02.2022","22,618","22,750","22,800","22,640","0,02K","0,89%"
"31.01.2022","22,419","22,575","22,575","22,575","0,01K","0,44%"
"28.01.2022","22,320","22,840","22,850","22,200","3,40K","-1,57%"
"27.01.2022","22,676","23,565","23,625","22,585","82,12K","-4,75%"
"26.01.2022","23,807","23,850","24,025","23,460","55,62K","-0,37%"
"25.01.2022","23,896","24,045","24,045","23,635","53,18K","0,40%"
"24.01.2022","23,800","24,305","24,360","23,595","72,35K","-2,14%"
"21.01.2022","24,320","24,525","24,640","24,205","62,05K","-1,60%"
"20.01.2022","24,716","24,185","24,755","24,125","75,61K","2,00%"
"19.01.2022","24,231","23,505","24,265","23,430","73,90K","3,15%"
"18.01.2022","23,492","22,995","23,680","22,820","105,83K","0,00%"
"17.01.2022","23,492","22,995","23,680","22,820","105,83K","2,50%"
"14.01.2022","22,918","23,115","23,345","22,845","50,67K","-1,05%"
"13.01.2022","23,162","23,190","23,315","23,025","53,38K","-0,19%"
"12.01.2022","23,207","22,820","23,260","22,680","55,76K","1,73%"
"11.01.2022","22,812","22,500","22,860","22,480","48,87K","1,56%"
"10.01.2022","22,462","22,385","22,540","22,205","44,53K","0,24%"
"07.01.2022","22,409","22,195","22,460","21,945","57,76K","0,99%"
"06.01.2022","22,190","22,810","22,850","22,000","73,89K","-4,23%"
"05.01.2022","23,170","23,095","23,300","22,750","41,19K","0,49%"
"04.01.2022","23,056","22,920","23,140","22,655","44,91K","1,08%"
"03.01.2022","22,810","23,385","23,440","22,690","46,32K","-2,32%"
"31.12.2021","23,352","23,095","23,390","23,070","30,39K","1,27%"
"30.12.2021","23,060","22,870","23,155","22,630","30,54K","0,92%"
"29.12.2021","22,850","23,000","23,135","22,640","0,13K","-1,14%"
"28.12.2021","23,113","23,170","23,465","23,095","0,10K","0,57%"
"27.12.2021","22,981","22,880","23,100","22,680","0,20K","0,20%"
"23.12.2021","22,935","22,895","22,950","22,700","0,10K","0,57%"
"22.12.2021","22,804","22,455","22,840","22,455","0,03K","1,29%"
"21.12.2021","22,513","22,240","22,730","22,210","0,10K","1,04%"
"20.12.2021","22,281","22,260","22,280","22,215","0,02K","-1,07%"
"17.12.2021","22,522","22,530","22,690","22,355","0,09K","0,23%"
"16.12.2021","22,471","22,165","22,465","22,155","0,02K","4,37%"
"15.12.2021","21,530","21,825","21,840","21,515","0,05K","-1,73%"
"14.12.2021","21,909","21,910","21,965","21,685","0,07K","-1,82%"
"13.12.2021","22,315","22,230","22,230","22,180","0,01K","0,60%"
"10.12.2021","22,182","21,830","22,165","21,830","0,02K","0,82%"
"09.12.2021","22,001","22,435","22,435","21,875","0,08K","-1,88%"
"08.12.2021","22,422","22,415","22,420","22,375","0,05K","-0,40%"
"07.12.2021","22,512","22,310","22,590","22,310","0,02K","1,17%"
"06.12.2021","22,252","22,530","22,530","22,125","0,02K","-0,97%"
"03.12.2021","22,470","22,370","22,410","22,100","0,02K","0,74%"
"02.12.2021","22,304","22,480","22,480","22,315","0,02K","-0,09%"
"01.12.2021","22,324","22,945","22,945","22,310","0,07K","-2,08%"
"30.11.2021","22,799","22,870","23,285","22,775","0,02K","-0,16%"
"29.11.2021","22,836","23,160","23,460","22,775","66,86K","-1,24%"
"26.11.2021","23,122","23,570","23,750","22,930","2,26K","-0,06%"
"25.11.2021","23,135","23,610","23,770","22,935","55,88K","-1,61%"
"24.11.2021","23,514","23,680","23,700","23,445","0,82K","0,26%"
"23.11.2021","23,452","24,245","24,340","23,300","1,04K","-3,56%"
"22.11.2021","24,318","24,670","24,840","24,170","0,69K","-1,94%"
"19.11.2021","24,800","24,880","25,015","24,650","0,93K","-0,48%"
"18.11.2021","24,919","25,200","25,205","24,755","0,61K","-1,06%"
"17.11.2021","25,185","24,880","25,300","24,880","0,25K","0,89%"
"16.11.2021","24,963","25,185","25,410","24,860","0,61K","-0,64%"
"15.11.2021","25,124","25,420","25,470","25,000","0,44K","-0,95%"
"12.11.2021","25,365","25,325","25,475","24,960","0,16K","0,18%"
"11.11.2021","25,320","24,735","25,375","24,665","0,40K","2,13%"
"10.11.2021","24,791","24,315","25,220","24,080","0,36K","1,87%"
"09.11.2021","24,337","24,545","24,550","24,135","0,50K","-0,91%"
"08.11.2021","24,561","24,170","24,595","24,170","0,75K","1,59%"
"05.11.2021","24,176","23,840","24,260","23,840","0,14K","1,03%"
"04.11.2021","23,930","23,635","24,105","23,530","0,57K","2,92%"
"03.11.2021","23,251","23,565","23,655","23,070","0,37K","-1,16%"
"02.11.2021","23,524","24,120","24,120","23,475","0,07K","-2,35%"
"01.11.2021","24,091","23,990","24,135","23,905","0,09K","0,52%"
"29.10.2021","23,966","24,010","24,105","23,800","0,10K","-0,72%"
"28.10.2021","24,139","24,150","24,265","24,140","0,06K","-0,21%"
"27.10.2021","24,191","24,220","24,330","23,905","48,09K","0,43%"
"26.10.2021","24,088","24,650","24,655","23,925","61,76K","-2,05%"
"25.10.2021","24,592","24,395","24,695","24,365","44,83K","0,58%"
"22.10.2021","24,449","24,220","24,920","24,185","83,28K","1,15%"
"21.10.2021","24,170","24,370","24,550","24,070","58,68K","-1,12%"
"20.10.2021","24,445","23,710","24,495","23,615","73,13K","2,35%"
"19.10.2021","23,883","23,250","24,180","23,220","79,07K","2,66%"
"18.10.2021","23,264","23,380","23,495","23,035","47,03K","-0,36%"
"15.10.2021","23,349","23,565","23,645","23,100","52,25K","-0,55%"
"14.10.2021","23,477","23,100","23,625","22,925","54,28K","1,32%"
"13.10.2021","23,170","22,570","23,285","22,480","71,90K","2,91%"
"12.10.2021","22,514","22,610","22,790","22,325","42,93K","-0,67%"
"11.10.2021","22,665","22,685","22,830","22,495","29,93K","-0,18%"
"08.10.2021","22,705","22,610","23,220","22,435","69,58K","0,21%"
"07.10.2021","22,658","22,640","22,840","22,385","41,56K","0,56%"
"06.10.2021","22,532","22,635","22,700","22,185","38,89K","-0,34%"
"05.10.2021","22,608","22,725","22,730","22,380","27,04K","-0,16%"
"04.10.2021","22,644","22,600","22,805","22,290","35,18K","0,48%"
"01.10.2021","22,536","22,185","22,600","21,990","43,51K","2,22%"
"30.09.2021","22,047","21,515","22,225","21,460","66,12K","2,62%"
"29.09.2021","21,485","22,475","22,565","21,410","80,16K","-4,34%"
"28.09.2021","22,460","22,635","22,660","22,120","0,31K","-0,99%"
"27.09.2021","22,685","22,435","22,810","22,435","0,19K","1,22%"
"24.09.2021","22,411","22,555","22,670","22,140","0,09K","-1,11%"
"23.09.2021","22,663","22,590","22,800","22,520","0,05K","-0,99%"
"22.09.2021","22,890","22,485","23,070","22,485","0,19K","1,31%"
"21.09.2021","22,593","22,210","22,595","22,210","0,29K","1,84%"
"20.09.2021","22,185","22,325","22,435","22,060","0,07K","-0,59%"
"17.09.2021","22,316","22,905","23,000","22,340","0,12K","-2,01%"
"16.09.2021","22,774","23,515","23,515","22,665","0,57K","-4,23%"
"15.09.2021","23,779","23,865","23,940","23,670","0,01K","-0,35%"
"14.09.2021","23,863","23,695","23,860","23,645","0,17K","0,37%"
"13.09.2021","23,775","23,455","23,840","23,430","0,14K","-0,43%"
"10.09.2021","23,878","23,795","23,795","23,795","0,00K","-1,15%"
"09.09.2021","24,156","23,975","24,145","23,955","0,13K","0,50%"
"08.09.2021","24,036","24,095","24,135","23,980","0,02K","-1,32%"
"07.09.2021","24,357","24,810","24,840","24,245","0,07K","-0,07%"
"06.09.2021","24,373","24,865","24,895","24,210","69,93K","-1,68%"
"03.09.2021","24,790","24,745","24,780","24,745","0,00K","3,72%"
"02.09.2021","23,900","23,900","23,900","23,890","0,00K","-1,24%"
"01.09.2021","24,201","23,935","24,325","23,775","48,67K","0,88%"
"31.08.2021","23,991","23,965","23,965","23,965","0,00K","0,00%"
"30.08.2021","23,992","24,130","24,280","23,950","47,98K","-0,37%"
"27.08.2021","24,081","23,595","24,155","23,385","0,98K","2,18%"
"26.08.2021","23,567","23,895","23,895","23,465","0,63K","-0,96%"
"25.08.2021","23,795","23,815","23,905","23,640","0,59K","-0,48%"
"24.08.2021","23,909","23,625","23,970","23,590","0,64K","1,03%"
"23.08.2021","23,666","23,035","23,670","22,980","0,73K","2,36%"
"20.08.2021","23,120","23,255","23,255","22,885","0,13K","-0,51%"
"19.08.2021","23,239","23,355","23,395","23,195","0,06K","-0,82%"
"18.08.2021","23,430","23,660","23,700","23,375","0,06K","-1,00%"
"17.08.2021","23,666","23,870","23,920","23,610","0,03K","-0,56%"
"16.08.2021","23,799","23,755","23,885","23,425","0,08K","0,05%"
"13.08.2021","23,787","23,170","23,820","23,170","0,05K","2,88%"
"12.08.2021","23,122","23,130","23,130","23,130","0,06K","-1,59%"
"11.08.2021","23,496","23,495","23,550","23,465","0,08K","0,40%"
"10.08.2021","23,402","23,525","23,525","23,330","0,02K","0,53%"
"09.08.2021","23,279","23,750","24,000","23,265","0,23K","-4,36%"
"06.08.2021","24,339","25,080","25,080","24,360","0,23K","-3,81%"
"05.08.2021","25,303","25,480","25,480","25,200","0,08K","-0,67%"
"04.08.2021","25,474","25,500","25,500","25,420","0,21K","-0,47%"
"03.08.2021","25,595","25,515","25,715","25,330","0,01K","0,02%"
"02.08.2021","25,590","25,570","25,570","25,570","0,19K","0,12%"
"30.07.2021","25,560","25,605","25,620","25,495","0,37K","-0,93%"
"29.07.2021","25,799","25,075","25,920","25,075","3,12K","3,71%"
"28.07.2021","24,877","24,730","25,060","24,655","54,85K","0,92%"
"27.07.2021","24,649","25,255","25,320","24,515","80,91K","-2,64%"
"26.07.2021","25,318","25,270","25,510","25,175","40,29K","0,34%"
"23.07.2021","25,233","25,480","25,535","25,050","39,88K","-0,58%"
"22.07.2021","25,381","25,330","25,515","25,060","48,08K","0,50%"
"21.07.2021","25,255","24,975","25,365","24,790","50,53K","1,04%"
"20.07.2021","24,995","25,240","25,315","24,840","64,68K","-0,59%"
"19.07.2021","25,144","25,700","25,805","25,035","86,39K","-2,52%"
"16.07.2021","25,795","26,430","26,550","25,640","78,28K","-2,27%"
"15.07.2021","26,394","26,325","26,490","26,245","35,26K","0,47%"
"14.07.2021","26,271","26,055","26,575","26,010","65,10K","0,50%"
"13.07.2021","26,140","26,320","26,440","26,005","50,73K","-0,38%"
"12.07.2021","26,239","26,185","26,375","25,930","43,37K","0,02%"
"09.07.2021","26,234","26,005","26,300","25,820","45,50K","0,95%"
"08.07.2021","25,987","26,265","26,310","25,875","59,52K","-0,54%"
"07.07.2021","26,129","26,265","26,545","26,060","50,06K","-0,17%"
"06.07.2021","26,174","26,640","26,910","26,100","80,50K","0,00%"
"05.07.2021","26,174","26,640","26,910","26,100","80,50K","-1,23%"
"02.07.2021","26,501","26,145","26,700","26,100","57,34K","1,54%"
"01.07.2021","26,100","26,250","26,525","26,045","54,77K","-0,36%"
"30.06.2021","26,194","25,875","26,275","25,800","44,64K","1,13%"
"29.06.2021","25,901","26,235","26,235","25,580","75,84K","-1,29%"
"28.06.2021","26,239","26,215","26,300","25,890","0,74K","0,51%"
"25.06.2021","26,106","26,040","26,380","26,000","0,43K","0,14%"
"24.06.2021","26,069","25,935","26,250","25,925","1,01K","-0,24%"
"23.06.2021","26,132","25,860","26,355","25,850","0,83K","0,99%"
"22.06.2021","25,876","26,000","26,080","25,815","0,87K","-0,64%"
"21.06.2021","26,043","25,950","26,115","25,675","0,21K","0,22%"
"18.06.2021","25,985","26,030","26,505","25,880","0,10K","0,43%"
"17.06.2021","25,873","27,200","27,300","25,875","0,44K","-7,03%"
"16.06.2021","27,828","27,800","27,930","26,820","0,28K","0,43%"
"15.06.2021","27,710","27,780","27,825","27,630","0,28K","-1,23%"
"14.06.2021","28,054","28,110","28,120","27,655","0,23K","-0,38%"
"11.06.2021","28,161","28,140","28,440","28,040","0,29K","0,41%"
"10.06.2021","28,047","27,820","28,170","27,775","0,12K","0,11%"
"09.06.2021","28,017","27,750","28,000","27,685","0,02K","0,97%"
"08.06.2021","27,747","28,110","28,115","27,700","0,03K","-1,02%"
"07.06.2021","28,033","27,920","28,070","27,630","0,29K","0,44%"
"04.06.2021","27,910","27,575","27,955","27,420","0,31K","1,52%"
"03.06.2021","27,492","28,320","28,320","27,170","0,33K","-2,58%"
"02.06.2021","28,220","27,880","28,310","27,880","0,10K","0,36%"
"01.06.2021","28,119","28,070","28,510","28,050","0,13K","0,06%"
"31.05.2021","28,102","28,060","28,710","27,930","108,88K","0,25%"
"28.05.2021","28,031","27,770","28,035","27,770","0,01K","0,27%"
"27.05.2021","27,955","27,805","28,020","27,635","3,28K","0,28%"
"26.05.2021","27,877","28,105","28,340","27,685","65,97K","-0,64%"
"25.05.2021","28,056","27,880","28,160","27,545","69,31K","0,54%"
"24.05.2021","27,905","27,690","28,015","27,550","51,12K","1,52%"
"21.05.2021","27,486","27,870","28,195","27,265","78,64K","-2,07%"
"20.05.2021","28,067","27,840","28,125","27,490","55,96K","0,15%"
"19.05.2021","28,025","28,300","28,365","27,425","109,07K","-1,09%"
"18.05.2021","28,333","28,325","28,900","28,120","77,21K","0,21%"
"17.05.2021","28,274","27,515","28,435","27,440","86,80K","3,32%"
"14.05.2021","27,365","27,190","27,595","26,920","58,61K","1,13%"
"13.05.2021","27,059","27,095","27,330","26,780","63,63K","-0,68%"
"12.05.2021","27,244","27,760","27,830","27,030","77,86K","-1,53%"
"11.05.2021","27,667","27,400","27,780","27,180","62,13K","0,64%"
"10.05.2021","27,492","27,680","28,005","27,320","65,17K","0,05%"
"07.05.2021","27,477","27,450","27,800","27,230","80,78K","0,00%"
"06.05.2021","27,477","26,590","27,585","26,245","90,93K","3,60%"
"05.05.2021","26,522","26,595","26,710","26,165","40,71K","-0,14%"
"04.05.2021","26,558","27,015","27,240","26,160","76,95K","-1,49%"
"03.05.2021","26,960","25,990","27,115","25,850","77,32K","4,20%"
"30.04.2021","25,873","26,170","26,275","25,855","55,51K","-0,81%"
"29.04.2021","26,085","26,300","26,580","25,745","81,33K","-0,07%"
"28.04.2021","26,102","26,345","26,365","25,890","1,22K","-1,24%"
"27.04.2021","26,430","26,325","26,525","26,130","0,57K","0,77%"
"26.04.2021","26,228","26,020","26,280","25,935","0,67K","0,51%"
"23.04.2021","26,095","26,170","26,465","25,940","0,40K","-0,40%"
"22.04.2021","26,200","26,640","26,660","26,050","0,54K","-1,45%"
"21.04.2021","26,586","25,960","26,735","25,950","0,72K","2,83%"
"20.04.2021","25,854","25,820","26,040","25,775","0,13K","0,01%"
"19.04.2021","25,852","26,000","26,285","25,690","0,56K","-1,03%"
"16.04.2021","26,120","25,855","26,340","25,855","0,09K","0,54%"
"15.04.2021","25,979","25,465","26,030","25,425","0,40K","1,72%"
"14.04.2021","25,539","25,430","25,590","25,270","0,22K","0,38%"
"13.04.2021","25,442","24,885","25,550","24,885","0,15K","2,25%"
"12.04.2021","24,882","25,300","25,300","24,750","0,07K","-1,81%"
"09.04.2021","25,341","25,505","25,530","25,050","0,47K","-1,03%"
"08.04.2021","25,604","25,380","25,655","25,380","0,32K","1,33%"
"07.04.2021","25,267","25,210","25,320","24,980","0,34K","0,08%"
"06.04.2021","25,247","24,840","25,330","24,840","0,29K","1,80%"
"05.04.2021","24,801","25,050","25,050","24,800","0,49K","-0,64%"
"01.04.2021","24,961","24,350","24,990","24,350","4,69K","1,67%"
"31.03.2021","24,552","23,930","24,570","23,930","0,03K","1,64%"
"30.03.2021","24,157","24,745","24,790","23,925","4,31K","-2,48%"
"29.03.2021","24,771","25,105","25,150","24,480","52,99K","-1,37%"
"26.03.2021","25,114","25,150","25,335","24,920","42,08K","0,27%"
"25.03.2021","25,047","25,170","25,255","24,435","86,47K","-0,73%"
"24.03.2021","25,231","25,120","25,430","25,020","42,91K","0,02%"
"23.03.2021","25,227","25,850","25,915","25,050","63,34K","-2,10%"
"22.03.2021","25,769","26,340","26,350","25,450","62,03K","-2,10%"
"19.03.2021","26,321","26,150","26,400","25,925","51,79K","-0,11%"
"18.03.2021","26,351","26,400","26,740","25,875","76,40K","1,12%"
"17.03.2021","26,058","26,005","26,615","25,805","55,13K","0,21%"
"16.03.2021","26,003","26,340","26,405","25,885","47,61K","-1,08%"
"15.03.2021","26,288","26,070","26,390","25,845","48,44K","1,45%"
"12.03.2021","25,911","26,195","26,235","25,425","56,88K","-1,08%"
"11.03.2021","26,193","26,315","26,545","25,885","55,08K","0,24%"
"10.03.2021","26,130","26,025","26,315","25,610","53,39K","-0,20%"
"09.03.2021","26,183","25,170","26,220","25,090","69,61K","3,62%"
"08.03.2021","25,269","25,400","25,965","24,970","61,34K","-0,07%"
"05.03.2021","25,287","25,385","25,505","24,845","79,26K","-0,68%"
"04.03.2021","25,461","26,175","26,385","25,080","95,00K","-3,51%"
"03.03.2021","26,387","26,860","26,915","25,875","82,46K","-1,83%"
"02.03.2021","26,879","26,630","26,985","25,820","82,14K","0,75%"
"01.03.2021","26,678","26,700","27,175","26,510","71,64K","0,90%"
"26.02.2021","26,440","27,530","27,650","26,160","116,75K","-4,50%"
"25.02.2021","27,685","28,080","28,345","27,345","109,69K","-0,75%"
"24.02.2021","27,894","27,760","28,100","27,420","1,38K","0,64%"
"23.02.2021","27,717","28,290","28,415","27,380","1,12K","-1,40%"
"22.02.2021","28,111","27,640","28,320","27,395","1,09K","3,05%"
"19.02.2021","27,279","27,000","27,645","26,655","0,98K","0,67%"
"18.02.2021","27,098","27,450","27,480","27,060","0,20K","-0,87%"
"17.02.2021","27,335","27,220","27,490","26,990","0,29K","-0,02%"
"16.02.2021","27,341","27,520","28,005","26,900","0,48K","0,06%"
"15.02.2021","27,325","27,490","28,075","26,870","129,34K","-0,08%"
"12.02.2021","27,348","27,100","27,445","26,990","0,07K","1,02%"
"11.02.2021","27,072","27,145","27,340","26,865","0,10K","-0,13%"
"10.02.2021","27,108","27,460","27,590","26,955","0,20K","-1,16%"
"09.02.2021","27,427","27,400","27,710","27,290","0,08K","-0,59%"
"08.02.2021","27,589","27,180","27,695","26,965","0,25K","2,03%"
"05.02.2021","27,041","26,385","27,110","26,385","0,16K","2,97%"
"04.02.2021","26,261","26,645","26,675","26,120","0,09K","-2,43%"
"03.02.2021","26,914","26,880","27,180","26,750","0,11K","1,85%"
"02.02.2021","26,426","29,000","29,000","26,400","0,21K","-10,24%"
"01.02.2021","29,441","28,860","30,260","28,300","0,35K","9,30%"
"29.01.2021","26,937","27,000","27,630","26,885","0,13K","3,82%"
"28.01.2021","25,945","25,360","27,145","24,955","11,33K","2,19%"
"27.01.2021","25,389","25,530","25,545","24,715","96,67K","-0,58%"
"26.01.2021","25,538","25,395","25,720","25,230","52,74K","0,21%"
"25.01.2021","25,484","25,535","25,835","25,205","73,17K","-0,28%"
"22.01.2021","25,556","26,025","26,045","25,050","75,21K","-1,15%"
"21.01.2021","25,854","25,910","26,130","25,700","59,50K","0,34%"
"20.01.2021","25,766","25,290","25,960","25,060","80,82K","1,76%"
"19.01.2021","25,320","24,835","25,480","24,040","108,90K","0,00%"
"18.01.2021","25,320","24,835","25,480","24,040","108,90K","1,83%"
"15.01.2021","24,866","25,610","25,865","24,610","106,18K","-3,63%"
"14.01.2021","25,802","25,290","25,990","25,095","84,24K","0,90%"
"13.01.2021","25,572","25,655","25,785","25,170","58,51K","0,54%"
"12.01.2021","25,435","25,015","25,745","25,000","65,92K","0,60%"
"11.01.2021","25,284","25,470","25,595","24,365","106,00K","2,63%"
"08.01.2021","24,637","27,280","27,335","24,530","186,37K","-9,63%"
"07.01.2021","27,261","27,410","27,495","27,020","69,49K","0,81%"
"06.01.2021","27,042","27,720","28,105","26,700","129,36K","-2,16%"
"05.01.2021","27,640","27,355","27,850","27,150","67,46K","1,01%"
"04.01.2021","27,364","26,770","27,760","26,730","113,76K","3,60%"
"31.12.2020","26,412","26,835","26,880","26,345","39,62K","-0,61%"
"30.12.2020","26,573","26,325","26,835","26,260","47,68K","1,49%"
"29.12.2020","26,183","26,500","26,725","26,165","0,19K","-1,23%"
"28.12.2020","26,510","26,095","26,900","26,095","0,28K","2,49%"
"24.12.2020","25,867","25,745","26,000","25,745","0,08K","-0,07%"
"23.12.2020","25,885","25,435","25,900","25,165","0,06K","1,51%"
"22.12.2020","25,500","26,530","26,725","25,245","0,08K","-3,19%"
"21.12.2020","26,340","26,400","27,475","25,520","0,13K","1,30%"
"18.12.2020","26,001","26,050","26,180","25,895","0,07K","-0,57%"
"17.12.2020","26,150","25,430","26,205","25,340","0,08K","4,52%"
"16.12.2020","25,018","24,605","25,510","24,560","0,26K","1,64%"
"15.12.2020","24,614","24,040","24,655","24,040","0,10K","2,46%"
"14.12.2020","24,022","24,070","24,070","23,910","0,03K","-0,19%"
"11.12.2020","24,067","24,120","24,135","23,995","0,02K","-0,02%"
"10.12.2020","24,073","23,980","24,240","23,820","0,05K","0,46%"
"09.12.2020","23,963","24,655","24,655","23,865","0,07K","-3,03%"
"08.12.2020","24,711","24,810","24,960","24,580","0,12K","-0,26%"
"07.12.2020","24,776","24,250","24,615","23,830","0,03K","2,24%"
"04.12.2020","24,232","24,340","24,360","24,105","0,08K","0,46%"
"03.12.2020","24,120","23,990","24,405","23,990","0,04K","0,22%"
"02.12.2020","24,066","23,820","24,130","23,810","0,02K","-0,06%"
"01.12.2020","24,080","22,690","24,100","22,690","0,03K","6,63%"
"30.11.2020","22,583","22,745","22,745","22,230","0,08K","-0,14%"
"27.11.2020","22,614","23,485","23,575","22,400","94,53K","-0,11%"
"26.11.2020","22,639","23,485","23,575","22,400","94,53K","-3,20%"
"25.11.2020","23,387","23,295","23,545","23,155","0,66K","0,24%"
"24.11.2020","23,330","23,630","23,630","23,000","0,56K","-1,46%"
"23.11.2020","23,675","24,265","24,400","23,525","0,40K","-3,00%"
"20.11.2020","24,406","24,080","24,600","24,080","0,35K","1,33%"
"19.11.2020","24,085","24,385","24,405","23,745","0,24K","-1,61%"
"18.11.2020","24,480","24,460","24,775","24,350","0,10K","-0,83%"
"17.11.2020","24,686","24,880","24,880","24,600","0,05K","-0,61%"
"16.11.2020","24,837","25,085","25,150","24,350","0,16K","0,08%"
"13.11.2020","24,818","24,360","24,895","24,300","0,09K","1,92%"
"12.11.2020","24,350","24,380","24,480","24,200","0,07K","0,18%"
"11.11.2020","24,306","24,350","24,355","23,955","0,06K","-0,80%"
"10.11.2020","24,502","24,280","24,505","24,020","0,12K","3,23%"
"09.11.2020","23,736","26,070","26,130","23,725","0,32K","-7,65%"
"06.11.2020","25,702","25,430","25,865","25,145","0,07K","1,86%"
"05.11.2020","25,232","24,185","25,530","24,185","0,17K","5,43%"
"04.11.2020","23,933","24,520","24,650","23,415","0,03K","-1,81%"
"03.11.2020","24,374","24,245","24,465","24,025","0,04K","1,25%"
"02.11.2020","24,073","23,710","24,205","23,710","0,04K","1,60%"
"30.10.2020","23,694","23,370","23,915","23,370","0,02K","1,22%"
"29.10.2020","23,408","23,555","23,620","22,865","0,03K","0,21%"
"28.10.2020","23,359","24,495","24,675","23,060","131,77K","-4,93%"
"27.10.2020","24,570","24,385","24,760","24,265","52,48K","0,61%"
"26.10.2020","24,420","24,750","24,765","24,145","68,93K","-1,03%"
"23.10.2020","24,675","24,835","24,980","24,500","52,73K","-0,14%"
"22.10.2020","24,709","25,180","25,225","24,460","74,44K","-2,11%"
"21.10.2020","25,241","24,795","25,425","24,775","77,69K","1,04%"
"20.10.2020","24,980","24,485","25,060","24,405","57,37K","1,14%"
"19.10.2020","24,698","24,290","25,120","24,215","63,70K","1,20%"
"16.10.2020","24,405","24,430","24,660","24,185","50,59K","0,75%"
"15.10.2020","24,224","24,370","24,440","23,650","72,42K","-0,70%"
"14.10.2020","24,395","24,240","24,725","23,930","63,47K","1,10%"
"13.10.2020","24,129","25,240","25,310","24,015","94,21K","-4,52%"
"12.10.2020","25,271","25,280","25,710","24,905","70,14K","0,65%"
"09.10.2020","25,108","23,970","25,330","23,965","74,75K","5,16%"
"08.10.2020","23,876","23,925","24,355","23,775","46,73K","-0,08%"
"07.10.2020","23,896","23,160","24,120","23,090","59,07K","-0,10%"
"06.10.2020","23,921","24,520","24,650","22,965","72,23K","-2,60%"
"05.10.2020","24,560","24,075","24,675","23,805","50,31K","2,21%"
"02.10.2020","24,029","23,900","24,355","23,580","66,34K","-0,93%"
"01.10.2020","24,254","23,355","24,320","23,325","71,45K","3,23%"
"30.09.2020","23,494","24,505","24,505","23,235","90,77K","-3,89%"
"29.09.2020","24,445","23,805","24,545","23,510","79,19K","3,70%"
"28.09.2020","23,572","23,140","23,815","22,790","0,18K","2,19%"
"25.09.2020","23,066","23,295","23,340","22,545","0,39K","-0,41%"
"24.09.2020","23,162","22,940","23,320","21,820","0,39K","0,40%"
"23.09.2020","23,069","24,150","24,150","22,745","0,10K","-5,79%"
"22.09.2020","24,488","25,145","25,145","24,150","0,04K","0,54%"
"21.09.2020","24,356","26,790","26,965","24,385","0,14K","-10,10%"
"18.09.2020","27,092","27,230","27,230","26,915","0,01K","0,10%"
"17.09.2020","27,066","27,000","27,000","26,610","0,02K","-1,37%"
"16.09.2020","27,443","27,455","27,460","27,455","0,01K","0,05%"
"15.09.2020","27,429","27,220","27,220","27,220","0,00K","0,44%"
"14.09.2020","27,310","27,115","27,115","27,115","0,00K","1,85%"
"11.09.2020","26,813","27,035","27,240","26,725","0,00K","-1,60%"
"10.09.2020","27,249","27,190","27,620","27,190","0,02K","0,77%"
"09.09.2020","27,041","27,150","27,150","27,150","0,00K","0,35%"
"08.09.2020","26,947","27,040","27,385","25,985","139,90K","-0,16%"
"07.09.2020","26,991","27,040","27,385","25,985","139,90K","1,25%"
"04.09.2020","26,659","26,800","26,970","26,645","0,02K","-0,63%"
"03.09.2020","26,828","27,190","27,350","26,635","0,01K","-1,88%"
"02.09.2020","27,343","28,300","28,300","27,410","0,01K","-4,31%"
"01.09.2020","28,575","28,750","29,030","28,155","0,04K","0,16%"
"31.08.2020","28,530","28,230","28,370","28,230","0,00K","2,88%"
"28.08.2020","27,730","27,265","27,990","27,050","103,77K","2,36%"
"27.08.2020","27,090","27,695","28,095","26,630","1,35K","-1,54%"
"26.08.2020","27,514","26,615","27,700","26,225","0,79K","4,50%"
"25.08.2020","26,328","26,845","26,845","26,230","0,37K","-1,25%"
"24.08.2020","26,661","26,865","27,350","26,410","0,95K","-0,47%"
"21.08.2020","26,788","27,415","27,600","26,350","0,16K","-1,49%"
"20.08.2020","27,192","26,805","27,605","26,725","0,21K","-0,70%"
"19.08.2020","27,385","28,075","28,115","26,585","0,18K","-2,60%"
"18.08.2020","28,115","27,570","28,575","27,375","0,17K","1,44%"
"17.08.2020","27,717","26,760","27,675","26,115","0,12K","6,06%"
"14.08.2020","26,133","27,530","27,790","26,000","0,12K","-5,87%"
"13.08.2020","27,762","25,715","27,765","25,715","0,12K","6,68%"
"12.08.2020","26,023","25,200","26,370","23,665","0,19K","-0,30%"
"11.08.2020","26,100","29,275","29,275","24,725","0,29K","-10,95%"
"10.08.2020","29,311","28,260","29,540","28,175","0,17K","6,22%"
"07.08.2020","27,595","29,430","29,970","27,555","0,19K","-3,07%"
"06.08.2020","28,470","27,150","28,820","27,145","0,08K","5,63%"
"05.08.2020","26,953","26,530","27,255","25,925","0,07K","3,30%"
"04.08.2020","26,091","24,570","25,995","24,570","0,09K","6,47%"
"03.08.2020","24,505","24,480","24,595","24,300","0,01K","0,83%"
"31.07.2020","24,304","24,445","24,580","24,240","0,00K","3,64%"
"30.07.2020","23,450","24,735","24,805","23,280","15,30K","-3,58%"
"29.07.2020","24,321","24,580","25,120","23,435","138,90K","0,09%"
"28.07.2020","24,300","24,700","26,275","22,460","253,67K","-0,82%"
"27.07.2020","24,501","22,970","24,820","22,940","188,89K","7,23%"
"24.07.2020","22,850","22,835","23,185","22,580","111,99K","-0,60%"
"23.07.2020","22,988","23,405","23,670","22,475","182,28K","-0,67%"
"22.07.2020","23,144","21,700","23,420","21,680","202,39K","7,36%"
"21.07.2020","21,557","20,340","21,725","20,315","142,78K","6,76%"
"20.07.2020","20,192","19,765","20,340","19,655","80,32K","2,17%"
"17.07.2020","19,764","19,535","19,790","19,355","56,42K","0,98%"
"16.07.2020","19,573","19,820","19,870","19,475","54,37K","-0,95%"
"15.07.2020","19,761","19,645","19,845","19,525","58,39K","1,18%"
"14.07.2020","19,530","19,455","19,685","19,240","73,78K","-1,30%"
"13.07.2020","19,788","19,080","19,810","19,080","85,99K","3,86%"
"10.07.2020","19,053","19,025","19,195","18,910","62,08K","0,48%"
"09.07.2020","18,962","19,150","19,445","18,830","102,76K","-1,04%"
"08.07.2020","19,161","18,625","19,215","18,585","84,23K","2,47%"
"07.07.2020","18,699","18,585","18,720","18,235","71,67K","0,63%"
"06.07.2020","18,582","18,270","18,780","18,245","63,13K","0,00%"
"03.07.2020","18,582","18,270","18,780","18,230","63,13K","1,42%"
"02.07.2020","18,322","18,285","18,400","17,995","49,86K","0,57%"
"01.07.2020","18,218","18,580","18,850","18,095","86,82K","-2,25%"
"30.06.2020","18,637","18,095","18,655","18,020","75,09K","3,17%"
"29.06.2020","18,064","18,110","18,285","17,935","50,25K","-0,18%"
"26.06.2020","18,096","18,000","18,160","17,615","0,50K","0,71%"
"25.06.2020","17,968","17,635","17,970","17,560","0,25K","1,32%"
"24.06.2020","17,734","18,230","18,320","17,600","0,46K","-2,32%"
"23.06.2020","18,155","17,940","18,225","17,900","0,45K","0,91%"
"22.06.2020","17,992","18,040","18,265","17,880","0,24K","0,31%"
"19.06.2020","17,937","17,615","18,125","17,615","0,33K","1,91%"
"18.06.2020","17,601","17,750","17,910","17,570","0,14K","-1,45%"
"17.06.2020","17,860","17,800","17,850","17,725","0,16K","0,70%"
"16.06.2020","17,735","17,665","17,770","17,550","0,04K","1,44%"
"15.06.2020","17,484","17,635","17,670","17,125","0,07K","-0,45%"
"12.06.2020","17,563","17,845","17,935","17,550","0,03K","-2,26%"
"11.06.2020","17,970","18,360","18,360","17,830","0,03K","0,48%"
"10.06.2020","17,884","18,030","18,440","17,845","0,04K","-0,07%"
"09.06.2020","17,896","17,920","17,940","17,830","0,03K","-0,55%"
"08.06.2020","17,995","17,635","18,070","17,635","0,06K","2,63%"
"05.06.2020","17,534","18,095","18,095","17,500","0,07K","-3,21%"
"04.06.2020","18,116","17,860","18,080","17,860","0,00K","0,57%"
"03.06.2020","18,013","18,295","18,320","17,765","0,01K","-1,65%"
"02.06.2020","18,315","18,850","18,885","18,400","0,03K","-2,94%"
"01.06.2020","18,869","18,740","18,870","18,685","0,01K","1,77%"
"29.05.2020","18,541","18,500","18,500","18,495","0,00K","2,95%"
"28.05.2020","18,009","17,855","18,180","17,775","3,71K","1,42%"
"27.05.2020","17,757","17,560","17,860","17,225","65,07K","0,92%"
"26.05.2020","17,595","17,630","18,040","17,370","77,62K","0,00%"
"25.05.2020","17,595","17,690","18,040","17,370","77,62K","-0,55%"
"22.05.2020","17,693","17,435","17,770","17,190","51,24K","1,89%"
"21.05.2020","17,364","18,055","18,060","17,260","74,68K","-3,70%"
"20.05.2020","18,031","17,875","18,165","17,755","62,49K","0,73%"
"19.05.2020","17,901","17,370","18,010","17,340","66,69K","2,48%"
"18.05.2020","17,468","17,225","17,985","17,125","91,02K","2,33%"
"15.05.2020","17,070","16,185","17,150","16,155","80,68K","5,66%"
"14.05.2020","16,156","15,755","16,225","15,660","52,22K","3,09%"
"13.05.2020","15,671","15,625","15,910","15,545","42,56K","-0,24%"
"12.05.2020","15,709","15,700","15,880","15,525","35,61K","0,18%"
"11.05.2020","15,680","15,755","15,920","15,510","37,38K","-0,62%"
"08.05.2020","15,778","15,625","15,980","15,505","58,81K","1,21%"
"07.05.2020","15,590","14,920","15,695","14,920","49,27K","3,83%"
"06.05.2020","15,015","15,115","15,390","14,840","38,73K","-0,63%"
"05.05.2020","15,110","14,845","15,200","14,760","32,04K","2,12%"
"04.05.2020","14,796","15,075","15,225","14,760","37,06K","-0,95%"
"01.05.2020","14,938","15,075","15,150","14,820","32,19K","-0,23%"
"30.04.2020","14,973","15,530","15,940","14,850","66,67K","-2,23%"
"29.04.2020","15,315","15,330","15,605","15,235","42,10K","0,36%"
"28.04.2020","15,260","15,375","15,415","15,025","0,24K","-0,25%"
"27.04.2020","15,299","15,475","15,525","15,240","0,14K","-0,35%"
"24.04.2020","15,352","15,455","15,625","15,205","0,08K","-0,19%"
"23.04.2020","15,381","15,350","15,765","15,310","0,12K","0,14%"
"22.04.2020","15,359","15,085","15,375","14,875","0,10K","3,08%"
"21.04.2020","14,900","15,610","15,610","14,700","0,14K","-4,72%"
"20.04.2020","15,638","15,380","15,745","15,380","0,08K","2,08%"
"17.04.2020","15,319","15,820","15,835","15,365","0,06K","-2,09%"
"16.04.2020","15,646","15,625","15,970","15,625","0,03K","0,75%"
"15.04.2020","15,529","16,090","16,090","15,600","0,05K","-3,87%"
"14.04.2020","16,154","15,810","16,350","15,810","0,09K","3,81%"
"13.04.2020","15,561","16,000","16,000","15,470","0,04K","-3,21%"
"09.04.2020","16,077","15,270","16,125","15,270","0,04K","5,57%"
"08.04.2020","15,229","15,280","15,420","15,155","0,02K","-1,77%"
"07.04.2020","15,504","15,650","15,785","15,265","0,07K","2,05%"
"06.04.2020","15,193","14,655","15,260","14,645","0,09K","4,65%"
"03.04.2020","14,518","14,680","14,750","14,540","0,06K","-1,09%"
"02.04.2020","14,678","14,585","14,585","14,575","0,00K","4,78%"
"01.04.2020","14,008","14,175","14,175","14,175","0,00K","-1,21%"
"31.03.2020","14,180","14,105","14,340","14,105","0,01K","0,17%"
"30.03.2020","14,156","14,730","14,745","13,995","6,31K","-2,60%"
"27.03.2020","14,534","14,660","14,840","14,345","54,39K","-0,97%"
"26.03.2020","14,676","14,770","14,980","14,400","52,83K","-1,32%"
"25.03.2020","14,873","14,415","14,930","14,205","78,77K","4,32%"
"24.03.2020","14,257","13,320","14,435","13,220","109,94K","7,51%"
"23.03.2020","13,261","12,615","13,330","12,290","74,90K","7,07%"
"20.03.2020","12,385","12,125","13,095","12,005","81,76K","2,07%"
"19.03.2020","12,134","11,975","12,330","11,760","77,37K","3,08%"
"18.03.2020","11,772","12,610","12,905","11,640","122,77K","-5,79%"
"17.03.2020","12,495","12,860","13,230","12,110","111,38K","-2,50%"
"16.03.2020","12,816","15,100","15,245","11,770","148,46K","-11,61%"
"13.03.2020","14,500","15,825","15,890","14,425","162,45K","-9,40%"
"12.03.2020","16,005","16,720","16,910","15,505","147,26K","-4,60%"
"11.03.2020","16,776","16,875","17,110","16,660","56,85K","-1,06%"
"10.03.2020","16,955","17,020","17,200","16,790","76,90K","-0,58%"
"09.03.2020","17,054","17,490","17,615","16,550","128,27K","-1,21%"
"06.03.2020","17,263","17,450","17,575","17,015","94,55K","-0,75%"
"05.03.2020","17,393","17,230","17,465","17,150","53,48K","0,85%"
"04.03.2020","17,246","17,205","17,335","17,075","67,25K","0,34%"
"03.03.2020","17,188","16,665","17,480","16,665","114,57K","2,68%"
"02.03.2020","16,739","16,500","17,060","16,445","104,98K","1,71%"
"28.02.2020","16,457","17,760","17,885","16,400","221,54K","-7,21%"
"27.02.2020","17,735","17,945","18,160","17,630","122,38K","-0,78%"
"26.02.2020","17,874","18,035","18,205","17,785","1,16K","-1,95%"
"25.02.2020","18,229","18,665","18,665","17,910","1,23K","-3,67%"
"24.02.2020","18,923","18,675","18,960","18,585","1,00K","1,85%"
"21.02.2020","18,579","18,440","18,665","18,415","0,99K","1,15%"
"20.02.2020","18,367","18,415","18,455","18,255","0,86K","0,04%"
"19.02.2020","18,359","18,200","18,455","18,200","0,45K","0,92%"
"18.02.2020","18,192","17,760","18,240","17,760","0,56K","0,23%"
"17.02.2020","18,150","17,725","18,215","17,670","129,96K","2,11%"
"14.02.2020","17,775","17,675","17,825","17,675","0,04K","0,65%"
"13.02.2020","17,660","17,575","17,715","17,575","0,09K","0,70%"
"12.02.2020","17,537","17,620","17,620","17,480","0,15K","-0,57%"
"11.02.2020","17,638","17,770","17,770","17,595","0,04K","-1,05%"
"10.02.2020","17,826","17,765","17,855","17,725","0,07K","0,52%"
"07.02.2020","17,733","17,770","17,830","17,725","0,04K","-0,69%"
"06.02.2020","17,857","17,635","17,905","17,635","0,07K","1,21%"
"05.02.2020","17,643","17,585","17,700","17,560","0,04K","0,24%"
"04.02.2020","17,600","17,745","17,755","17,585","0,08K","-0,63%"
"03.02.2020","17,712","18,135","18,135","17,640","0,05K","-1,88%"
"31.01.2020","18,052","18,070","18,070","18,070","0,02K","0,11%"
"30.01.2020","18,032","17,620","18,110","17,620","4,91K","3,12%"
"29.01.2020","17,487","17,440","17,575","17,280","63,16K","0,17%"
"28.01.2020","17,458","18,095","18,115","17,420","110,54K","-3,31%"
"27.01.2020","18,056","18,260","18,375","18,040","67,72K","-0,31%"
"24.01.2020","18,113","17,800","18,145","17,740","68,05K","1,59%"
"23.01.2020","17,829","17,835","17,910","17,590","69,27K","0,01%"
"22.01.2020","17,828","17,785","17,930","17,675","57,76K","0,11%"
"21.01.2020","17,808","18,040","18,155","17,620","135,96K","0,00%"
"20.01.2020","17,808","18,040","18,155","17,620","135,96K","-1,47%"
"17.01.2020","18,073","17,950","18,185","17,905","69,18K","0,75%"
"16.01.2020","17,939","18,010","18,055","17,875","58,31K","-0,27%"
"15.01.2020","17,988","17,800","18,055","17,755","73,76K","1,39%"
"14.01.2020","17,742","17,975","17,985","17,690","84,39K","-1,41%"
"13.01.2020","17,996","18,130","18,130","17,935","59,33K","-0,60%"
"10.01.2020","18,105","17,920","18,175","17,860","80,66K","0,94%"
"09.01.2020","17,936","18,120","18,225","17,815","101,36K","-1,27%"
"08.01.2020","18,167","18,450","18,895","18,085","180,48K","-1,23%"
"07.01.2020","18,393","18,185","18,470","17,975","111,96K","1,18%"
"06.01.2020","18,179","18,170","18,550","18,045","136,41K","0,15%"
"03.01.2020","18,151","18,070","18,325","18,040","110,02K","0,58%"
"02.01.2020","18,046","17,905","18,150","17,830","90,11K","0,70%"
"31.12.2019","17,921","17,970","18,200","17,870","62,11K","-0,44%"
"30.12.2019","18,001","17,860","18,020","17,830","62,95K","0,56%"
"27.12.2019","17,900","17,925","18,005","17,770","0,21K","-0,31%"
"26.12.2019","17,956","17,795","18,100","17,785","0,22K","0,76%"
"24.12.2019","17,821","17,465","17,810","17,455","0,08K","2,05%"
"23.12.2019","17,463","17,250","17,460","17,250","0,06K","1,62%"
"20.12.2019","17,184","17,090","17,215","17,090","0,11K","0,40%"
"19.12.2019","17,116","16,920","17,115","16,920","0,05K","0,62%"
"18.12.2019","17,010","17,075","17,075","16,980","0,09K","-0,15%"
"17.12.2019","17,036","17,090","17,115","17,045","0,01K","-0,24%"
"16.12.2019","17,077","16,930","17,085","16,930","0,01K","0,59%"
"13.12.2019","16,976","16,985","16,985","16,950","0,00K","0,38%"
"12.12.2019","16,912","16,895","17,095","16,800","0,19K","0,61%"
"11.12.2019","16,810","16,840","16,875","16,840","0,00K","0,88%"
"10.12.2019","16,664","16,655","16,770","16,625","0,00K","0,39%"
"09.12.2019","16,600","16,595","16,595","16,595","0,01K","0,26%"
"06.12.2019","16,557","16,825","16,825","16,550","0,03K","-2,71%"
"05.12.2019","17,019","16,905","16,995","16,905","0,04K","0,82%"
"04.12.2019","16,881","17,200","17,200","16,900","0,02K","-1,88%"
"03.12.2019","17,204","17,050","17,220","17,035","0,06K","1,70%"
"02.12.2019","16,916","17,025","17,025","16,870","0,02K","-0,84%"
"29.11.2019","17,060","17,060","17,125","16,935","69,20K","-0,27%"
"28.11.2019","17,106","17,060","17,125","16,935","69,20K","0,57%"
"27.11.2019","17,009","17,190","17,200","17,025","61,62K","-0,51%"
"26.11.2019","17,096","16,840","17,125","16,840","0,76K","0,93%"
"25.11.2019","16,939","16,995","17,000","16,880","0,48K","-0,67%"
"22.11.2019","17,054","17,130","17,245","17,020","0,30K","-0,36%"
"21.11.2019","17,116","17,210","17,210","17,065","0,24K","-0,29%"
"20.11.2019","17,166","17,120","17,220","17,065","0,37K","-0,02%"
"19.11.2019","17,169","17,080","17,200","17,000","0,34K","0,69%"
"18.11.2019","17,051","17,015","17,080","16,795","0,14K","0,31%"
"15.11.2019","16,999","17,080","17,080","16,880","0,10K","-0,46%"
"14.11.2019","17,078","17,000","17,115","16,945","0,15K","0,68%"
"13.11.2019","16,963","16,815","17,000","16,815","0,26K","1,33%"
"12.11.2019","16,740","16,730","16,835","16,680","0,09K","-0,66%"
"11.11.2019","16,852","16,815","16,955","16,690","0,17K","-0,11%"
"08.11.2019","16,870","17,130","17,130","16,710","0,86K","-1,14%"
"07.11.2019","17,065","17,655","17,690","17,000","0,31K","-3,34%"
"06.11.2019","17,654","17,635","17,660","17,450","0,10K","0,18%"
"05.11.2019","17,623","18,115","18,115","17,600","0,17K","-2,76%"
"04.11.2019","18,123","18,195","18,210","18,035","0,05K","0,08%"
"01.11.2019","18,109","18,115","18,200","18,000","0,07K","-0,08%"
"31.10.2019","18,124","17,990","18,165","17,975","0,59K","1,13%"
"30.10.2019","17,921","17,870","17,990","17,735","0,23K","0,50%"
"29.10.2019","17,831","17,870","17,905","17,605","78,57K","-0,25%"
"28.10.2019","17,876","18,065","18,145","17,785","81,92K","-0,28%"
"25.10.2019","17,926","17,835","18,350","17,800","133,99K","0,69%"
"24.10.2019","17,804","17,575","17,860","17,485","76,01K","1,27%"
"23.10.2019","17,580","17,550","17,630","17,515","51,19K","0,46%"
"22.10.2019","17,500","17,580","17,680","17,440","56,64K","-0,58%"
"21.10.2019","17,602","17,615","17,895","17,530","76,35K","0,14%"
"18.10.2019","17,578","17,570","17,620","17,420","48,12K","-0,19%"
"17.10.2019","17,612","17,415","17,665","17,330","62,37K","1,06%"
"16.10.2019","17,427","17,430","17,490","17,180","80,64K","0,25%"
"15.10.2019","17,384","17,695","17,765","17,370","71,96K","-1,84%"
"14.10.2019","17,710","17,590","17,735","17,455","48,68K","0,95%"
"11.10.2019","17,544","17,540","17,785","17,370","102,67K","-0,33%"
"10.10.2019","17,602","17,800","17,935","17,455","93,95K","-1,17%"
"09.10.2019","17,810","17,775","18,000","17,720","67,68K","0,62%"
"08.10.2019","17,700","17,490","17,860","17,305","91,07K","0,91%"
"07.10.2019","17,540","17,665","17,700","17,435","35,22K","-0,48%"
"04.10.2019","17,625","17,630","17,745","17,330","59,58K","-0,29%"
"03.10.2019","17,676","17,630","17,845","17,515","70,00K","-0,04%"
"02.10.2019","17,683","17,310","17,730","17,240","70,48K","2,20%"
"01.10.2019","17,302","17,045","17,375","16,940","82,42K","1,79%"
"30.09.2019","16,998","17,590","17,660","16,980","96,15K","-3,70%"
"27.09.2019","17,652","17,885","17,960","17,345","134,22K","-1,19%"
"26.09.2019","17,864","17,915","18,050","17,760","0,52K","-0,89%"
"25.09.2019","18,024","18,670","18,695","17,865","0,22K","-2,99%"
"24.09.2019","18,579","18,640","18,710","18,285","0,16K","-0,44%"
"23.09.2019","18,661","17,850","18,685","17,850","0,13K","4,84%"
"20.09.2019","17,799","17,805","17,980","17,800","0,07K","-0,20%"
"19.09.2019","17,835","17,785","17,930","17,670","0,10K","-0,19%"
"18.09.2019","17,869","18,060","18,060","17,570","0,16K","-1,21%"
"17.09.2019","18,088","17,835","18,090","17,835","0,02K","0,63%"
"16.09.2019","17,974","17,775","17,940","17,775","0,06K","2,62%"
"13.09.2019","17,515","18,005","18,200","17,430","0,30K","-3,37%"
"12.09.2019","18,125","18,130","18,440","18,080","0,78K","0,05%"
"11.09.2019","18,116","18,180","18,180","18,050","0,04K","-0,08%"
"10.09.2019","18,131","18,000","18,185","18,000","0,01K","0,08%"
"09.09.2019","18,116","18,095","18,205","18,080","0,06K","0,28%"
"06.09.2019","18,065","18,600","18,795","18,090","0,20K","-3,66%"
"05.09.2019","18,752","19,510","19,510","18,730","0,20K","-3,80%"
"04.09.2019","19,493","19,320","19,425","19,320","0,05K","1,60%"
"03.09.2019","19,186","18,585","19,190","18,470","0,06K","-0,27%"
"02.09.2019","19,237","18,520","19,395","18,365","199,68K","5,16%"
"30.08.2019","18,293","18,420","18,420","18,405","0,04K","0,10%"
"29.08.2019","18,274","18,450","18,760","18,150","161,56K","-0,49%"
"28.08.2019","18,364","18,180","18,520","18,065","1,68K","0,91%"
"27.08.2019","18,199","17,670","18,220","17,655","0,41K","2,91%"
"26.08.2019","17,685","17,460","17,780","17,460","0,77K","1,30%"
"23.08.2019","17,458","17,050","17,500","17,005","0,34K","2,18%"
"22.08.2019","17,086","17,095","17,145","16,965","0,10K","-0,65%"
"21.08.2019","17,197","17,140","17,215","17,080","0,07K","0,02%"
"20.08.2019","17,194","16,925","17,220","16,925","0,12K","1,23%"
"19.08.2019","16,985","17,150","17,150","16,870","0,14K","-1,03%"
"16.08.2019","17,162","17,210","17,230","17,120","0,05K","-0,53%"